,level_0,index,Unnamed: 0,STAR,CONTENT,index,NAME,index,번역
0,4696,1854,1854,5.0,we went for a special open night in the early evening - lanterns were lit along the paths and on the little lake and there was entertainment to see as well. a large area and lovely for an evening walk.,4696,ChangDeokgung,0,우리는 이른 저녁에 특별한 밤을 보내기 위해 갔습니다. 길과 작은 호수에 등불이 켜져 있었고 볼 엔터테인먼트도 있었습니다. 넓은 지역과 저녁 산책에 좋습니다.
1,5916,358,358,5.0,we visited this palace during a bright sunny day encountered some outdoor traditional korean entertainment during our visit it was a great experience on the good side of this visit is that the entrance fee is waived for foreigners and we could go back as many times as we wanted we opted to go back a second time during our stay in seoul because we were with a local friend who couldnt enter one of the buildings without registering online,5916,Deoksugung,1,우리는 밝고 화창한 날에이 궁전을 방문했습니다. 방문하는 동안 야외 전통 한국 엔터테인먼트를 만났습니다. 이 방문의 좋은 측면은 좋은 경험이었습니다. 외국인에게는 입장료가 면제되고 원하는만큼 여러 번 돌아갈 수 있다는 것입니다. 우리는 온라인 등록 없이 건물 중 하나에 들어갈 수 없었던 현지 친구와 함께 서울에 머무는 동안 두 번째로 돌아가기로 결정했습니다.
2,6202,644,644,4.0,just happened to walk by to take the metro and realized that it was free on the day i decided to check it out it is a nice park with historical buildings around although sometimes with many reconstructed  newly painted buildings i feel it loses its authentication a little bit it is nice to see how the eastern and western building combined as the entertainment room was built with russian architect with eastern flare surely is interesting i agreed with others that if you dont have lots of time around seoul dont just spend time looking through palaces just pick one and enjoy other attractions,6202,Deoksugung,2,방금 지하철을 타러 갔고 확인하기로 결정한 날 무료라는 것을 깨달았습니다. 역사적인 건물이있는 멋진 공원입니다. 때로는 재건 된 새로 칠한 건물이 많이있어 인증을 조금 잃어 버리는 것 같습니다. 엔터테인먼트 룸이 동쪽 플레어를 가진 러시아 건축가와 함께 지어졌기 때문에 동쪽과 서쪽 건물이 어떻게 결합되었는지 보는 것이 좋습니다. 확실히 흥미롭습니다. 하나와 다른 명소를 즐기십시오
3,7468,1240,1240,5.0,"originally built in 1395, this complex was the seat of the joseon dynasty until destroyed by the japanese in the 1590’s. instead of rebuilding, the royal family moved to another palace site. in 1867-68, the prince regent sponsored a reconstruction. unfortunately, it again was almost totally destroyed during the second japanese occupation prior to world war ii, and the events of the korean war. restoration work began again in 1989, but according to our guide, only about 50% of the buildings have been completed. nonetheless it is a fascinating place to visit and easily accessible. inevitably, one will compare it to the forbidden city because of similar design, but on a smaller scale. make sure that you see gyeonghoeru pavilion (on the lake), one of the structures that dates from the 1867 restoration. it was used for entertainment when important foreign visitors visited the palace. another point of interest is the video that deals with the assassination of empress myeongseong by japanese agents in 1895 (and her quarters). one thing that added charm to our visit was the large number of young folks wearing traditional dress. evidently, the clothes are available for rental and this has become a “thing to do” on a date, or just a lark.",7468,Gyeongbokgung,3,"원래 1395년에 지어진 이 복합 단지는 1590년대에 일본에 의해 파괴될 때까지 조선 왕조의 자리였습니다. 재건하는 대신 왕실은 다른 궁전 부지로 이사했습니다. 1867-68년에 왕자 섭정은 재건을 후원했습니다. 불행히도 제 2 차 세계 대전 이전의 2 차 일본 점령과 한국 전쟁의 사건 동안 다시 거의 완전히 파괴되었습니다. 복원 작업은 1989년에 다시 시작되었지만 우리 가이드에 따르면 건물의 약 50%만 완성되었습니다. 그럼에도 불구하고 방문하기에 매력적인 곳이며 쉽게 접근할 수 있습니다. 필연적으로 비슷한 디자인이지만 더 작은 규모로 인해 자금성과 비교할 것입니다. 1867년 복원된 건축물 중 하나인 경회루(호수 위)를 꼭 보세요. 중요한 외국 방문객들이 궁을 방문할 때 오락을 위해 사용되었습니다. 또 다른 흥미로운 점은 1895년(및 그녀의 숙소) 일본 요원에 의한 명성 황후 암살을 다룬 비디오입니다. 우리 방문에 매력을 더한 것 중 하나는 전통 의상을 입은 많은 젊은이들입니다. 분명히, 옷은 대여가 가능하며 이것은 데이트 또는 그냥 종달새에 ""해야 할 일""이 되었습니다."
4,8058,1830,1830,4.0,"it was amazing to see how totality lived... and there day to day habits. the architecture is a sight to behold. i was amazing to see how japan and chime ha influence in the way they developed there land and also to know that korea has been invaded by both but still in the end korea fought through. even if your not big into history the views, plant life, and entertainment is enough to take up your whole day. don't forget to see the changing of the guards. and for 3,000 won you can't beat that... plus free admittance to the national folk museum right next door.",8058,Gyeongbokgung,4,"전체가 어떻게 살았는지... 그리고 그곳에서 매일의 습관을 보는 것은 놀랍습니다. 건축은 보는 것입니다. 나는 일본과 차임 하가 그들이 그곳에서 발전하는 방식에 어떻게 영향을 미쳤는지, 그리고 한국이 둘 다에 의해 침략을 받았지만 여전히 한국이 싸웠다는 것을 알고 놀랐습니다. 역사에 관심이 없더라도 전망, 식물 생활 및 엔터테인먼트가 하루 종일을 차지하기에 충분합니다. 경비원의 변화를 보는 것을 잊지 마십시오. 그리고 3,000원에 당신은 그것을 이길 수 없습니다. 게다가 바로 옆에 있는 국립 민속 박물관에 무료로 입장할 수 있습니다."
5,8719,2491,2491,5.0,"take a tour of the palace, they will make sure you're in the right spot to get great pictures and see all the entertainment.",8719,Gyeongbokgung,5,궁전을 둘러보면 멋진 사진을 찍고 모든 엔터테인먼트를 볼 수 있는 올바른 위치에 있는지 확인합니다.
6,9065,2837,2837,5.0,"it's definitely not as big as the forbidden palace in beijing; however, it's still worth a visit. the layout is similar with gates and buildings where the royalties would enjoy entertainment, and such. it's great to see the urban city behind the palace and admission included a visit to the folk museum, which was worth a stopover to see their exhibitions. great place to take photos if you decide to borrow and wear a hanbok.",9065,Gyeongbokgung,6,베이징의 금단의 궁전만큼 크지는 않습니다. 그러나 여전히 방문할 가치가 있습니다. 로열티가 유흥을 즐길 수 있는 문이나 건물 등의 배치도 비슷하다. 궁전 뒤에 있는 도시의 도시를 보는 것이 좋습니다. 입장료에는 민속 박물관 방문이 포함되어 있어 전시회를 관람하기 위해 잠시 들러볼 만한 가치가 있었습니다. 한복을 빌리고 입기로 결정했다면 사진을 찍기에 좋은 곳입니다.
7,10219,3991,3991,5.0,"we chose to visit gyeongbok palace over other palaces due to time constraint and it was a very worthwhile visit. we were marveled at the architecture in a very distinct korean way and the detailed danchung painting of the roof overhang. in addition, goenghoeru pavillion in the pond was an outstanding idea to have a royal reception or celebration among noble people. walking northbound, we were able to see a part of neighboring chungwadae which is the residence of the korean president in the backdrop of a mountain and it was absolutely beautiful. for the entertainment, there are changing guard procedure and military drill as the king watching. this can't be compared to the changing guard performance of buckingnam palace in london in quality, but it adds to understanding of the joseon dynasty. i highly recommend to visit the palace and the surrounding area. one can finish touring in as little as 1 hour or all day long.",10219,Gyeongbokgung,7,우리는 시간 제약으로 인해 다른 궁궐보다 경복궁을 방문하기로 결정했으며 매우 가치있는 방문이었습니다. 우리는 매우 독특한 한국식 건축 양식과 지붕 돌출부의 상세한 단중 그림에 놀랐습니다. 또한 연못 안의 궁회루는 귀족들의 환대나 잔치를 벌이는 데 탁월한 발상이었다. 북쪽으로 걷다 보면 산을 배경으로 대통령 관저인 청와대의 일부가 보이고 정말 아름다웠다. 오락을 위해 경호 절차 변경과 왕관과 함께 군사 훈련이 있습니다. 이것은 런던 버킹남궁의 교대식과 그 질적으로는 비교할 수 없지만 조선에 대한 이해를 더해준다. 나는 궁전과 주변 지역을 방문하는 것이 좋습니다. 짧게는 1시간 또는 하루 종일 투어를 마칠 수 있습니다.
8,10755,4527,4527,3.0,"if you're first time in korea, i suggest you start exploring the history & culture first, (shopping and entertainment can come later), because seoul is rich with it. they presevered their culture well. i personally love the palaces. i went straight here after i check in my luggage, just in time for the changing of guard ceremony at 1pm.  to go here, i use metro line 5 to gwanghwamun station and used exit 2. i started at gwanghwamun square, where statues of king sejong and admiral yi are and walk up to the palace. it doesn't take long. tips: at the ticket counter we bought a combination ticket for the palaces + jongmyo shrine for 10,000\. these include the secret garden at changdeokgung palace. if you buy separate tickets, entrance fee to each palaces can be up to 3000\ (and the secret garden had an additional fee of 5000\)",10755,Gyeongbokgung,8,"한국이 처음이라면 역사와 문화를 먼저 탐색하는 것이 좋습니다. 그들은 그들의 문화를 잘 보존했습니다. 나는 개인적으로 궁전을 좋아합니다. 오후 1시 경호원 교대식에 맞춰 짐을 맡기고 바로 이곳으로 갔다. 여기에 가려면 지하철 5호선 광화문역 2번 출구를 이용했습니다. 세종대왕과 이순신 장군의 동상이 있는 광화문 광장에서 출발하여 궁궐까지 걸어갔습니다. 오래 걸리지 않습니다. 팁: 매표소에서 10,000원에 궁궐+종묘 통합권을 샀습니다. 여기에는 창덕궁의 비밀 정원이 포함됩니다. 별도의 티켓을 구매하면 각 궁궐 입장료는 최대 3000원(비밀정원은 5000원 추가)"
9,12002,5774,5774,4.0,"as said in the title, this palace is beautifully maintained. it's huge, so expect to spend a lot of time there, and although we had a difficult time finding the ""entertainment hall in the pond"", we were glad we found it. the whole place is like a maze without many signs, so make sure you have a good map or a guide. most of the items are removed from inside the buildings but there are still things to see. it's worth your time. parents with young kids, you need strollers for this.",12002,Gyeongbokgung,9,"제목에서 알 수 있듯이 이 궁전은 아름답게 유지되고 있습니다. 그것은 거대하므로 많은 시간을 보낼 것으로 예상됩니다. ""연못 안의 오락실""을 찾는 데 어려움을 겪었지만 우리는 그것을 발견하게 되어 기뻤습니다. 곳곳이 이정표가 없는 미로 같으니 지도나 가이드를 잘 챙기세요. 대부분의 항목은 건물 내부에서 제거되었지만 여전히 볼 것이 있습니다. 시간을 할애할 가치가 있습니다. 어린 자녀를 둔 부모는 유모차가 필요합니다."
10,12018,5790,5790,4.0,"the royal palace is situated in the heart of seoul, south korea and it is accessible by subway. it occupies an area of almost 700 thousand square metres and was built in the joseon dynasty back in 1395. it was destroyed two times over the years because of foreign invasion and occupation and has been rebuilt and restored by 2010. the korean name of the palace means "" palace greatly blessed by heaven"" and it was inhabited by the royal family. the palace compound is huge and is composed of many different structures for various purposes. i was most impressed with the geunjeongjeon (throne hall) near the entrance where officials of different ranks would queue up along two lines of stone markers on the left and right of the open court signifying seniority during ceremonies, declarations and audience with the king. attraction number 4, gangnyeongjeon and gyotaejeon, i.e. king's and queen's quarter as well as number 12, gyeonghoeru, a two storey pavilion sitting on a pond for royal banquets and entertainment are also worth checking out. i was extremely lucky because when i arrived at the main gate, there was a change of guards in traditional and brightly coloured uniforms which added a touch of humanity to the solemn structures behind the walls. i was told it was done on the hour during the day. the temperature during my visit was -7 degrees centigrade and as it is a vast span of land with lots of open space, make sure you wear enough warm clothings. it may be a better idea though to visit at warmer times. please note that the palace also closes for one day during the week, so check with your hotel before you make your trip.",12018,Gyeongbokgung,10,"왕궁은 대한민국 서울의 중심부에 위치하고 있으며 지하철로 접근할 수 있습니다. 거의 700,000 평방 미터의 면적을 차지하며 1395 년에 조선 왕조에 지어졌습니다. 그것은 외세의 침략과 점령으로 인해 몇 년 동안 두 번 파괴되었으며 2010 년에 재건 및 복원되었습니다. 궁궐의 한국 이름 '하늘이 크게 축복한 궁전'이라는 뜻으로 왕실이 거주하던 곳이다. 궁전 단지는 거대하고 다양한 목적을 위해 다양한 구조로 구성되어 있습니다. 나는 가장 인상 깊었던 입구 근처의 근정전은 왕과 함께 하는 예식, 선언, 접견 시에 서열을 나타내는 뜰 좌우에 두 줄로 줄지어 서 있는 각급 관리들이 줄을 섰다. 4번 어트랙션인 강녕전과 교태전, 왕과 왕비의 방인 12번 연못 위에 2층 정자인 경회루가 있어 왕의 연회와 유흥을 즐길 수 있습니다. 나는 정문에 도착했을 때 벽 뒤의 엄숙한 구조에 인간미를 더하는 전통적이고 밝은 색상의 제복을 입은 경비원의 교체가 있었기 때문에 매우 운이 좋았습니다. 낮에는 정시에 했다고 합니다. 제가 방문했을 때 기온은 영하 7도였고 땅이 넓고 탁 트인 곳이 많기 때문에 따뜻한 옷을 충분히 입어야 합니다. 따뜻한 시간에 방문하는 것이 더 나을 수도 있습니다. 궁전은 또한 주중 하루 동안 문을 닫으므로 여행하기 전에 호텔에 확인하십시오."
11,12099,5871,5871,4.0,"it was amazing to see how totality lived... and there day to day habits. the architecture is a sight to behold. i was amazing to see how japan and chime ha influence in the way they developed there land and also to know that korea has been invaded by both but still in the end korea fought through. even if your not big into history the views, plant life, and entertainment is enough to take up your whole day. don't forget to see the changing of the guards. and for 3,000 won you can't beat that... plus free admittance to the national folk museum right next door.",12099,Gyeongbokgung,11,"전체가 어떻게 살았는지... 그리고 그곳에서 매일의 습관을 보는 것은 놀랍습니다. 건축은 보는 것입니다. 나는 일본과 차임 하가 그들이 그곳에서 발전하는 방식에 어떻게 영향을 미쳤는지, 그리고 한국이 둘 다에 의해 침략을 받았지만 여전히 한국이 싸웠다는 것을 알고 놀랐습니다. 역사에 관심이 없더라도 전망, 식물 생활 및 엔터테인먼트가 하루 종일을 차지하기에 충분합니다. 경비원의 변화를 보는 것을 잊지 마십시오. 그리고 3,000원에 당신은 그것을 이길 수 없습니다. 게다가 바로 옆에 있는 국립 민속 박물관에 무료로 입장할 수 있습니다."
12,12157,5929,5929,5.0,"gyeong-bok-gung  the magnificent gyeongbokgung, which was first built in 1395, had a painful and bitter historical background. the palace, or the complex, was actually destroyed twice under different circumstances during the period of 600 years. the present spectacular palace complex was rebuilt to their past glory and splendor only as from 1990.  the palace complex is very important to the people of korea, as it is a national symbol of sovereignty to them. visitors should not just admire the beauty of the well-kept gardens, ponds and lakes, but spend time to appreciate the various structures, some of which were constructed entirely according to korean architectural designs; others were built under foreign influences. different palaces were also built to serve different purposes, such as grand halls for ceremonial functions, rooms for discussing affairs of the state with officials, halls for entertainment, rooms for reading and writing for the monarch, private quarters of the royalties, and for their servants.  there are four main gates in the palace complex; the most famous gate will be the gwang-hwa-mun, where traditional ceremonial changing of the guards is performed at fixed intervals. but most important of all, visitors should avail themselves the opportunity to visit the adjoining presidential ground, which was closed for many years for security reason, but opened to the general public only in early 2011.",12157,Gyeongbokgung,12,"경복궁 1395년에 창건된 장엄한 경복궁은 아프고 쓰라린 역사적 배경을 가지고 있었다. 궁전 또는 복합 단지는 실제로 600년 동안 다른 상황에서 두 번 파괴되었습니다. 현재의 장엄한 궁궐 단지는 1990년 이후에야 과거의 영광과 화려함을 되찾기 위해 재건되었습니다. 궁궐 단지는 한국 국민에게 매우 중요한 주권의 국가적 상징입니다. 방문객들은 잘 가꾸어진 정원, 연못, 호수의 아름다움에 감탄할 뿐만 아니라 한국 건축 설계에 따라 완전히 지어진 다양한 구조물을 감상하는 시간을 보내야 합니다. 다른 것들은 외국의 영향으로 지어졌습니다. 예식을 위한 대강당, 관료들과 국정을 논의하는 방, 오락을 위한 방, 군주를 위한 독서와 글쓰기를 위한 방, 왕족의 사적 공간과 같은 다른 목적을 위해 다른 궁전도 지어졌습니다. 하인. 궁전 단지에는 4개의 주요 문이 있습니다. 가장 유명한 문은 전통적으로 근위병 교대식이 정해진 간격으로 거행되는 광화문일 것이다. 그러나 무엇보다도 방문객들은 보안상의 이유로 수년 동안 폐쇄되었지만 2011년 초에야 일반 대중에게 개방된 인접한 대통령 부지를 방문할 기회를 이용해야 합니다."
13,12769,217,217,5.0,beautiful view over seoul live entertainment was going on when i went,12769,남산타워,13,내가 갔을 때 서울 라이브 엔터테인먼트의 아름다운 전망이 진행 중이었습니다.
14,12784,232,232,5.0, convenience facilities such as food and entertainment are common the scenery is good to overlook seoul at a glance ,12784,남산타워,14,"식음, 유흥 등 편의시설이 공용이며 서울이 한눈에 내려다보이는 풍경이 좋다"
15,12863,311,311,5.0,"namsan tower is a korean landmark, and it is one of the tallest towers in asia. it offers not only a view of all of seoul, but also a chance to enjoy a meal inside the tower. at first, namsan tower was used for broadcasting, and then fully open to the public, it is worth watching the namsan tower lock wall, slowly a wall of locks, and the lock hanging on it must be a couple together. now, the nanshan tower locked wall is a very popular tourist attraction. at nanshan tower, the highlight is that there are interpreters for multiple languages so that you do not have to worry about language barriers. secondly, the entertainment near the tower is also very much available, which can satisfy no longer a single view of a tourist destination but can enjoy food and shopping at the same time as viewing the landscape.",12863,남산타워,15,"남산타워는 한국의 랜드마크이자 아시아에서 가장 높은 타워 중 하나입니다. 서울 전체를 조망할 수 있을 뿐만 아니라 타워 안에서 식사를 즐길 수 있는 기회도 제공한다. 처음에는 남산타워가 방송용으로 쓰였다가 이후 전면 개방되어 남산타워 자물쇠 벽, 천천히 자물쇠 벽, 그리고 그 위에 걸려 있는 자물쇠는 부부가 함께 해야 볼 만하다. 지금, 난산 타워 잠긴 벽은 매우 인기있는 관광 명소입니다. nanshan 타워의 하이라이트는 언어 장벽에 대해 걱정할 필요가 없도록 다국어 통역사가 있다는 것입니다. 둘째, 타워 주변의 오락시설도 매우 풍부하여 관광지를 한눈에 바라볼 수 있는 것이 아니라 풍경을 바라보며 음식과 쇼핑을 동시에 즐길 수 있습니다."
16,12990,438,438,5.0,"i had tried to go to n seoul tower on a sunday and the queue was so long it would have taken at least 2 hours to get up, plus it was rainy.  instead i went back the next day and not only was it better weather and almost no queue, but they didn’t make me buy a new ticket and even offered to refund my ticket from the previous day.  i went up the little elevator to the cable car, where there was free entertainment i did not expect to see.  from there i visited the hello kitty museum which is small but so cute.  then i got in the elevator to the top of the tower. there are cool projections on the way up, making it feel like you’re shouting into space. the view from the tower is incredible.  a super fun day out, and really reasonably priced.",12990,남산타워,16,"일요일에 n서울타워에 가려고 했는데 줄이 너무 길어서 일어나는데 최소 2시간은 걸릴 것 같았고, 게다가 비가 많이 왔어요. 대신 다음 날 다시 갔고 날씨가 더 좋았고 대기열이 거의 없었을뿐만 아니라 새 티켓을 사지 않고 전날 티켓을 환불하겠다고 제안했습니다. 나는 내가 볼 것으로 기대하지 않은 무료 엔터테인먼트가 있는 케이블카로 가는 작은 엘리베이터를 탔다. 거기에서 나는 작지만 너무 귀여운 헬로 키티 박물관을 방문했습니다. 그 다음 나는 타워의 꼭대기까지 엘리베이터를 탔다. 올라가는 길에 멋진 돌출부가 있어 마치 우주로 외치는 듯한 느낌을 줍니다. 타워에서 보는 전망은 정말 환상적입니다. 매우 재미있는 하루, 그리고 정말 합리적인 가격."
17,13056,504,504,5.0,"is a must! when visiting seoul, great place to spend the afternoon or the whole evening, shops , restaurants, coffee shops and lots of entertainment",13056,남산타워,17,"필수이다! 서울을 방문할 때 오후 또는 전체 저녁을 보내기에 좋은 곳, 상점, 레스토랑, 커피숍 및 많은 엔터테인먼트"
18,13120,568,568,4.0,"while there is a cost to go to the top, the mid-levels are fun, with nice views and lots of entertainment going on during the day.",13120,남산타워,18,정상에 가려면 비용이 들지만 중간 수준은 재미있고 멋진 전망과 낮 동안 많은 엔터테인먼트가 진행됩니다.
19,13356,804,804,5.0,"this tower (also known as the namsan tower) is located on the second highest land point within the greater seoul area, located on the north side of the river. it was built in 1971, and is 236 metres high. it was built primarily as a communications tower, but with lookout facilites, restaurants, souvenir shops etc included within the design..  my partner and i just happened to be staying at a hotel that was within walking distance (10 minutes), which is how we made our way to it via sogong-ro road (on the north side), which then proceeds into a freeway tunnel into the hill beneath the tower and its surrounds. just before the tunnel, and on the north-eastern side, we unexpectedly discovered that there is a cable-car that takes you from the aforementioned road level, up to the very large park that surrounds the actual tower itself. this saves you a somewhat steep walk up to the tower park... but if you're into exercise then by all means skip this free ride and walk up instead. it's quite steep.  there is also road access to the tower and surrounding park that comes in from the south, and i assume that you can get a cab up, and there are many coach day tours that can also get you to this park and the tower.  there is a lot to see in the surrounding park, even before you decide to take the lift up the tower itself. the landscaped area surrounding the tower has many restaurants, fast food outlets, souvenir shops, and lookout platforms.the views even just from these large viewing platforms is very impressive, and you can spend an hour or more here, depending on whether there are special events, displays, and/or entertainment on the day of your visit, before you even consider taking the lift up to the top of the tower itself.  but the main purpose of your visit still must include a ride in the fast vertical lifts to the tower viewing platforms where you get a 360-degree view of seoul. quite spectacular. again, shops and food outlets on this high viewing platform.  and... (i can only speak for the male visitors...) do make a point of visiting the male toilets here! men... you can stand at a narrow urinal against what is effectively a glass wall, and take in the stunning views of seoul as you relax and relieve.... and... even taking photographs from the men's toilets are encouraged.  a visit to the n seoul tower should be a mandatory port of call if you have never visited seoul before.",13356,남산타워,19,"이 타워(남산 타워라고도 함)는 강 북쪽에 위치한 대서울 지역 내에서 두 번째로 높은 육지 지점에 있습니다. 그것은 1971 년에 지어졌으며 높이가 236 미터입니다. 그것은 주로 통신 타워로 지어졌지만 전망대 시설, 레스토랑, 기념품 가게 등이 디자인에 포함되어 있습니다. 내 파트너와 나는 우연히 도보 거리 (10 분) 이내에있는 호텔에 머물렀습니다. 우리는 소공로 도로(북쪽)를 통해 그곳으로 향했습니다. 그 다음 이 도로는 타워와 그 주변 아래의 언덕으로 이어지는 고속도로 터널로 진행됩니다. 터널 바로 전 북동쪽에, 앞서 언급한 도로 수준에서 실제 타워 자체를 둘러싸고 있는 매우 큰 공원까지 연결하는 케이블카가 있다는 것을 예기치 않게 발견했습니다. 이것은 타워 공원까지 다소 가파른 도보를 절약할 수 있습니다. 하지만 운동을 하고 있다면 반드시 이 무료 승차를 건너뛰고 대신 걸어 올라갑니다. 꽤 가파르다. 남쪽에서 오는 타워와 주변 공원에 대한 도로 접근도 있으며 택시를 탈 수 있다고 가정하고 이 공원과 타워까지 데려다 줄 수 있는 코치 데이 투어도 많이 있습니다. 타워 자체에 리프트를 타기로 결정하기 전에도 주변 공원에는 볼 것이 많습니다. 타워 주변의 조경된 지역에는 많은 레스토랑, 패스트푸드점, 기념품 가게 및 전망대가 있습니다. 이 큰 전망대에서조차 보는 경치는 매우 인상적이며 특별 행사가 있는지 여부에 따라 여기서 1시간 이상을 보낼 수 있습니다. 타워 꼭대기까지 엘리베이터를 타는 것을 고려하기도 전에 방문 당일의 이벤트, 전시 및/또는 엔터테인먼트. 그러나 방문의 주요 목적은 서울의 360도 전망을 볼 수 있는 타워 전망대까지 빠른 수직 리프트를 타는 것을 포함해야 합니다. 아주 장관입니다. 다시, 이 높은 전망대에 있는 상점과 음식 아울렛. 그리고... (나는 남성 방문객들에게만 말할 수 있습니다...) 여기에서 남성 화장실을 방문하는 것이 중요합니다! 남자들... 실제로 유리벽에 기대어 좁은 소변기에 서서 긴장을 풀고 긴장을 풀면서 서울의 멋진 전망을 감상할 수 있습니다.... 그리고... 남자 화장실에서 사진을 찍는 것도 권장됩니다. 서울을 한 번도 가본 적이 없다면 n서울타워 방문은 필수 기항지일 것이다."
20,13490,938,938,4.0,"to avoid the steep uphill walk from myeongdong station and the crowds for the cable car, we went up using bus 2 at chungmuro station exit 2. we had timed our bus to reach n seoul tower at sunset. near the top, we saw a lookout with beautiful views of the sunset, but there was no bus stop and our bus passed the lookout. well never mind, there ought to be better views at n seoul tower itself.  wrong!!! the sunset at n seoul tower open platforms were either blocked by trees, or were facing the wrong direction. up in the observatory, it was not easy to take good photos with the glare from the glass.  the sky restroom was a cute novelty though.  we also liked the new ssentoy museum. not a very big exhibit, but still good entertainment for an hour or so.  we took the cable car down (no queue), and the namsan orumi to myeondong station (downhill all the way).",13490,남산타워,20,"명동역에서 가파른 오르막길과 케이블카로 붐비는 인파를 피하기 위해 우리는 충무로역 2번 출구에서 2번 버스를 타고 올라갔습니다. 우리는 버스 시간에 맞춰 n서울타워에 도착했습니다. 정상 부근에서 일몰이 아름다운 전망대를 보았지만 버스 정류장이 없었고 우리 버스는 전망대를 통과했습니다. n 서울 타워 자체에서 더 나은 전망이 있어야합니다. 잘못된!!! n서울타워 오픈플랫폼의 일몰은 나무에 가려져 있거나 방향이 잘못된 것이었다. 전망대에 올라서니 유리에 반사되어 좋은 사진을 찍기가 쉽지 않았다. 하늘 화장실은 귀여운 참신했지만. 우리는 또한 새로운 ssentoy 박물관을 좋아했습니다. 아주 큰 전시회는 아니지만 한 시간 정도 동안 여전히 좋은 엔터테인먼트입니다. 우리는 케이블카를 타고(대기열 없음), 남산오루미를 타고 명동역까지 갔습니다(내리막길)."
21,13563,1011,1011,4.0,this is well worth a trip but there is quite a steep walk from the parking area. the elevator that goes to the main viewing level is super fast and accompanied by a sound and light show on it ceiling.the 360 degree views from the tower show just how big seoul is. there was entertainment on a lower level on the day i was there.,13563,남산타워,21,이것은 여행할만한 가치가 있지만 주차장에서 꽤 가파른 도보 거리가 있습니다. 메인 뷰 레벨로 가는 엘리베이터는 매우 빠르며 천장에 사운드와 라이트 쇼가 함께합니다. 타워에서 360도 전망은 서울이 얼마나 큰지 보여줍니다. 내가 거기에 있던 날 낮은 수준의 엔터테인먼트가있었습니다.
22,13769,1217,1217,5.0,"start your adventure with the cable car ride to the base of n tower. experience the entertainment on the stage below the tower, take a pad lock for your loved one... you'll see when you get up there...everyone does it! take the ride in the super fast lift to the top of n tower for amazing 360 degree views of the enormous city of seoul... fab afternoon out..",13769,남산타워,22,"n 타워 기슭까지 케이블카를 타고 모험을 시작하십시오. 타워 아래 무대에서 엔터테인먼트를 경험하고, 사랑하는 사람을 위해 자물쇠를 가져가세요... 올라가면 알게 될 것입니다... 모두가 하는 일입니다! 거대한 서울 도시의 놀라운 360도 전망을 위해 n 타워의 꼭대기까지 초고속 리프트를 타십시오. 멋진 오후 외출 .."
23,13948,1396,1396,5.0,"i have been living in south korea for 12 years. i have been to seoul tower for 5 times since 2003. seoul tower has been maintained well and worth for visiting during sunny days. below seoul tower, there are some entertainments like teddy bear museum and photographic zones.",13948,남산타워,23,나는 한국에서 12년 동안 살고 있습니다. 나는 2003년부터 서울 타워에 5번 갔습니다. 서울 타워는 잘 관리되어 있어 맑은 날 방문할 가치가 있습니다. 서울타워 아래에는 테디베어 뮤지엄과 포토존 등 유흥시설이 있다.
24,14178,1626,1626,4.0,cheesy but romantic especially if you've watched plenty of korean drama's. there;s sufficient entertainment up there too with performances (cultural),14178,남산타워,24,특히 한국 드라마를 많이 봤다면 싸구려지만 낭만적입니다. 거기; 공연과 함께 거기에도 충분한 엔터테인먼트 (문화)
25,14254,1702,1702,5.0,"i had tried to go to n seoul tower on a sunday and the queue was so long it would have taken at least 2 hours to get up, plus it was rainy.  instead i went back the next day and not only was it better weather and almost no queue, but they didn’t make me buy a new ticket and even offered to refund my ticket from the previous day.  i went up the little elevator to the cable car, where there was free entertainment i did not expect to see.  from there i visited the hello kitty museum which is small but so cute.  then i got in the elevator to the top of the tower. there are cool projections on the way up, making it feel like you’re shouting into space. the view from the tower is incredible.  a super fun day out, and really reasonably priced.",14254,남산타워,25,"일요일에 n서울타워에 가려고 했는데 줄이 너무 길어서 일어나는데 최소 2시간은 걸릴 것 같았고, 게다가 비가 많이 왔어요. 대신 다음 날 다시 갔고 날씨가 더 좋았고 대기열이 거의 없었을뿐만 아니라 새 티켓을 사지 않고 전날 티켓을 환불하겠다고 제안했습니다. 나는 내가 볼 것으로 기대하지 않은 무료 엔터테인먼트가 있는 케이블카로 가는 작은 엘리베이터를 탔다. 거기에서 나는 작지만 너무 귀여운 헬로 키티 박물관을 방문했습니다. 그 다음 나는 타워의 꼭대기까지 엘리베이터를 탔다. 올라가는 길에 멋진 돌출부가 있어 마치 우주로 외치는 듯한 느낌을 줍니다. 타워에서 보는 전망은 정말 환상적입니다. 매우 재미있는 하루, 그리고 정말 합리적인 가격."
26,14301,1749,1749,4.0,"while there is a cost to go to the top, the mid-levels are fun, with nice views and lots of entertainment going on during the day.",14301,남산타워,26,정상에 가려면 비용이 들지만 중간 수준은 재미있고 멋진 전망과 낮 동안 많은 엔터테인먼트가 진행됩니다.
27,14453,1901,1901,5.0,"this tower (also known as the namsan tower) is located on the second highest land point within the greater seoul area, located on the north side of the river. it was built in 1971, and is 236 metres high. it was built primarily as a communications tower, but with lookout facilites, restaurants, souvenir shops etc included within the design..  my partner and i just happened to be staying at a hotel that was within walking distance (10 minutes), which is how we made our way to it via sogong-ro road (on the north side), which then proceeds into a freeway tunnel into the hill beneath the tower and its surrounds. just before the tunnel, and on the north-eastern side, we unexpectedly discovered that there is a cable-car that takes you from the aforementioned road level, up to the very large park that surrounds the actual tower itself. this saves you a somewhat steep walk up to the tower park... but if you're into exercise then by all means skip this free ride and walk up instead. it's quite steep.  there is also road access to the tower and surrounding park that comes in from the south, and i assume that you can get a cab up, and there are many coach day tours that can also get you to this park and the tower.  there is a lot to see in the surrounding park, even before you decide to take the lift up the tower itself. the landscaped area surrounding the tower has many restaurants, fast food outlets, souvenir shops, and lookout platforms.the views even just from these large viewing platforms is very impressive, and you can spend an hour or more here, depending on whether there are special events, displays, and/or entertainment on the day of your visit, before you even consider taking the lift up to the top of the tower itself.  but the main purpose of your visit still must include a ride in the fast vertical lifts to the tower viewing platforms where you get a 360-degree view of seoul. quite spectacular. again, shops and food outlets on this high viewing platform.  and... (i can only speak for the male visitors...) do make a point of visiting the male toilets here! men... you can stand at a narrow urinal against what is effectively a glass wall, and take in the stunning views of seoul as you relax and relieve.... and... even taking photographs from the men's toilets are encouraged.  a visit to the n seoul tower should be a mandatory port of call if you have never visited seoul before.",14453,남산타워,27,"이 타워(남산 타워라고도 함)는 강 북쪽에 위치한 대서울 지역 내에서 두 번째로 높은 육지 지점에 있습니다. 그것은 1971 년에 지어졌으며 높이가 236 미터입니다. 그것은 주로 통신 타워로 지어졌지만 전망대 시설, 레스토랑, 기념품 가게 등이 디자인에 포함되어 있습니다. 내 파트너와 나는 우연히 도보 거리 (10 분) 이내에있는 호텔에 머물렀습니다. 우리는 소공로 도로(북쪽)를 통해 그곳으로 향했습니다. 그 다음 이 도로는 타워와 그 주변 아래의 언덕으로 이어지는 고속도로 터널로 진행됩니다. 터널 바로 전 북동쪽에, 앞서 언급한 도로 수준에서 실제 타워 자체를 둘러싸고 있는 매우 큰 공원까지 연결하는 케이블카가 있다는 것을 예기치 않게 발견했습니다. 이것은 타워 공원까지 다소 가파른 도보를 절약할 수 있습니다. 하지만 운동을 하고 있다면 반드시 이 무료 승차를 건너뛰고 대신 걸어 올라갑니다. 꽤 가파르다. 남쪽에서 오는 타워와 주변 공원에 대한 도로 접근도 있으며 택시를 탈 수 있다고 가정하고 이 공원과 타워까지 데려다 줄 수 있는 코치 데이 투어도 많이 있습니다. 타워 자체에 리프트를 타기로 결정하기 전에도 주변 공원에는 볼 것이 많습니다. 타워 주변의 조경된 지역에는 많은 레스토랑, 패스트푸드점, 기념품 가게 및 전망대가 있습니다. 이 큰 전망대에서조차 보는 경치는 매우 인상적이며 특별 행사가 있는지 여부에 따라 여기서 1시간 이상을 보낼 수 있습니다. 타워 꼭대기까지 엘리베이터를 타는 것을 고려하기도 전에 방문 당일의 이벤트, 전시 및/또는 엔터테인먼트. 그러나 방문의 주요 목적은 서울의 360도 전망을 볼 수 있는 타워 전망대까지 빠른 수직 리프트를 타는 것을 포함해야 합니다. 아주 장관입니다. 다시, 이 높은 전망대에 있는 상점과 음식 아울렛. 그리고... (나는 남성 방문객들에게만 말할 수 있습니다...) 여기에서 남성 화장실을 방문하는 것이 중요합니다! 남자들... 실제로 유리벽에 기대어 좁은 소변기에 서서 긴장을 풀고 긴장을 풀면서 서울의 멋진 전망을 감상할 수 있습니다.... 그리고... 남자 화장실에서 사진을 찍는 것도 권장됩니다. 서울을 한 번도 가본 적이 없다면 n서울타워 방문은 필수 기항지일 것이다."
28,14535,1983,1983,4.0,a good tourist site. reasonably priced. take the cable car to the top and watch the free daily entertainment.,14535,남산타워,28,좋은 관광 사이트. 합당한 가격의. 케이블카를 타고 정상에 올라 무료 일일 엔터테인먼트를 감상하세요.
29,15036,2484,2484,4.0,"the tower features the highest toilet in seoul where you can take a photo while doing your business. remember to buy your own lock and permanent market for the lock bridge. it will definitely be cheaper than buying from their shop that sells them at 8,000 won and above. buy the popcorn package with the tickets to the observatory deck. in the floors below the observatory deck, there's plenty of restaurants and entertainment such as arcade and a 3d viewing. highly recommended to take the cable car up and down.",15036,남산타워,29,"타워에는 서울에서 가장 높은 화장실이 있어 업무를 하며 사진을 찍을 수 있습니다. 자물쇠 다리에 대한 자신의 자물쇠와 영구 시장을 구입하는 것을 잊지 마십시오. 8,000원 ??이상에 판매하는 가게에서 사는 것보다 확실히 저렴합니다. 전망대 입장권과 함께 팝콘 패키지를 구매하세요. 전망대 아래층에는 아케이드, 3D관람 등의 오락시설과 음식점이 즐비하다. 케이블카를 위아래로 타는 것이 좋습니다."
30,15052,2500,2500,4.0,"ended up going for a morning jog up this hill to see the top. while i only recommend this if you are fit (the incline isn't forgiving), it was well worth the effort. the view from the top of this hill allows you to see most of seoul. there are a few places to eat and if you're lucky, you'll even get to enjoy some live entertainment near the temple at the top. the tower is not too expensive and affords you a birds eye view of a massive city.  there are a few other things to see at the top of this hill, to include the lock bridge, where young couples proclaim their love for one another with padlocks hanging from the railings. and of course, there is the gondola lift that will take you to the top and back for a very reasonable rate. i'd recommend doing this at night, as it not only shows you the entire city, but adds a bit of ""ahh"" to the ride, since you are unable to see the tree line swooping past you.  overall, this was a nice little tourist spot in seoul and worth visiting. there are many methods to get to the top and if you have the time, it is worth exploring all the areas around the top, as you'll see some great sights.",15052,남산타워,30,"정상을 보기 위해 이 언덕을 아침 조깅하러 가는 것을 끝내었다. 나는 당신이 적합할 때만 이것을 추천하지만(경사는 용서하지 않습니다), 노력할만한 가치가 있었습니다. 이 언덕 꼭대기에서 바라보면 서울의 대부분을 볼 수 있습니다. 먹을 곳이 몇 군데 있으며 운이 좋다면 꼭대기에 있는 사원 근처에서 라이브 공연을 즐길 수도 있습니다. 타워는 너무 비싸지 않으며 거대한 도시의 조감도를 제공합니다. 이 언덕 꼭대기에는 젊은 커플이 난간에 매달린 자물쇠로 서로 사랑을 선언하는 자물쇠 다리를 포함하여 몇 가지 다른 볼거리가 있습니다. 그리고 물론, 매우 합리적인 요금으로 당신을 정상과 역으로 데려다 줄 곤돌라 리프트가 있습니다. 나는 밤에 이것을 하는 것이 좋습니다. 도시 전체를 보여 줄 뿐만 아니라 당신을 지나치는 나무줄을 볼 수 없기 때문에 약간의 ""아"" 하는 느낌을 더해주기 때문입니다. 전반적으로 이것은 서울의 멋진 작은 관광지였으며 방문할 가치가 있습니다. 정상에 오르는 방법에는 여러 가지가 있으며 시간이 있다면 멋진 광경을 볼 수 있으므로 정상 주변의 모든 지역을 탐험할 가치가 있습니다."
31,15179,2627,2627,5.0,"we walked around 10 minute from myeongdong station where our hotel was located to the cable car spot. the roundtrip ticket to seoul tower was w8,000, but the line was a bit long. the views were spectacular at night and there are also lots of cute spots like the tunnel of love and entertainment places. going up the seoul tower is also not expensive, but the views are really nice.",15179,남산타워,31,"우리는 우리 호텔이있는 명동역에서 케이블카 장소까지 약 10 분을 걸었습니다. 서울타워 왕복표는 8,000원인데 줄이 좀 길었어요. 밤에는 야경이 장관이었고 사랑의 터널과 유흥 장소와 같은 귀여운 장소도 많이 있습니다. 서울타워에 올라가는 것도 비싸지 않지만 전망은 정말 좋습니다."
32,15601,3049,3049,5.0,"i had been for a conference at seoul and on our day of outing we were treated to this wonderful sight!!! :) it is situated on a height and one gets a clear and beautiful view of the ever bustling and lively seoul city from here! they also have this concept of love lock here where youngsters purchase the locks and write the names of their partner and once they lock it, they throw the key so the 'love is locked forever'!!! although i did not do any of that, watching the colorful locks in itself was a sight! besides they also have a shopping arena, restaurant, 4d screens, photo booths and a lot of entertainment stuff to do here!!!",15601,남산타워,32,"나는 서울에서 회의에 참석했고 우리는 소풍 당일에이 멋진 광경을 보았습니다! ! ! :) 그것은 높은 곳에 위치하고 있으며 여기에서 항상 분주하고 활기찬 서울 도시의 깨끗하고 아름다운 전망을 얻을 수 있습니다! 그들은 또한 여기에서 젊은이들이 자물쇠를 구입하고 파트너의 이름을 쓰고 자물쇠를 잠그면 열쇠를 던져서 '사랑은 영원히 잠겨 있습니다'라는 개념의 사랑의 자물쇠가 있습니다! ! ! 나는 그 어떤 것도 하지 않았지만 그 자체로 다채로운 자물쇠를 보는 것은 광경이었다! 게다가 그들은 또한 쇼핑 경기장, 레스토랑, 4D 스크린, 사진 부스 및 여기에서 할 수 있는 많은 오락 물건을 가지고 있습니다!!!"
33,15751,3199,3199,4.0,"we took the seoul city bus (hop on hop off bus) and it brought us to all the main attraction sites. this particular stop dropped us off at the foot of the mountain. we took the trail up to the tower. it was actually steeper than i thought. i was a bit afraid that my 2y/o son might roll down the trail. took us less than 10 minutes to get up to the foot of the tower. there is a few restaurants,a square that has entertainment and lots of love locks.  tip: there are 2 trails 1 is the main steep trail that everyone takes (on the right). on the left it's more like the ""back"" trail it is less steep and it leads you to an elevator (wheelchair accessible) you can also take the stairs up. we took the stairs down. there was practically no one so we are able to take some great pictures. there's also a hanbok store that you can rent at a hefty price.",15751,남산타워,33,"우리는 서울 시내 버스 (hop on hop off bus)를 탔고 모든 주요 명소로 우리를 데려갔습니다. 이 특별한 중지는 산기슭에 우리를 내려줬다. 우리는 타워까지 흔적을 가져갔다. 생각보다 정말 가파르더군요. 나는 2살짜리 아들이 길을 따라 굴러 떨어질까 조금 두려웠다. 타워 기슭까지 올라가는 데 10분도 채 걸리지 않았습니다. 몇 개의 레스토랑, 엔터테인먼트 및 많은 사랑의 자물쇠가 있는 광장이 있습니다. 팁: 2개의 트레일이 있습니다. 1은 모두가 걷는 주요 가파른 트레일입니다(오른쪽). 왼쪽은 ""뒤쪽"" 트레일과 비슷하지만 덜 가파르고 엘리베이터(휠체어 이용 가능)로 연결되며 계단을 올라갈 수도 있습니다. 우리는 계단을 내려갔다. 사람이 거의 없어서 멋진 사진을 찍을 수 있었습니다. 비싼 가격에 빌릴 수 있는 한복 가게도 있습니다."
34,15795,3243,3243,5.0,"actually nothing special with this place. just ordinary tower. but the special things is entertainment inside (special effect lift and the keylock park). you should try the popcorn sold near the ticket box, it was very delicious!",15795,남산타워,34,"실제로이 장소에는 특별한 것이 없습니다. 그냥 평범한 타워. 그러나 특별한 것은 내부 엔터테인먼트입니다(특수 효과 리프트 및 키 잠금 공원). 매표소 근처에서 파는 팝콘도 꼭 먹어봐야지, 정말 맛있었어요!"
35,16090,3538,3538,3.0,"the best part about this was getting to the base of the tower and soaking up the romantic atmosphere. the love locks are quite a spectacle added to by the love seats. there is a whole new entertainment complex with 3d display, led tunnel and photo pith with the stars. quite kitsch and touristy but good for families and young couples to explore. going up the tower was a quick elevator ride distracted by music and overhead movie. the tower observation deck itself is sparse populated with money making sweet shops and touristy stuff. the views are limited due to foggy misty pollution. go downstairs where there are better explanations of the views before taking elevator back down. this whole part can be skipped as views are goodnight enough from base of the tower.  best thing about it is the people watching.",16090,남산타워,35,"이것의 가장 좋은 점은 타워의 바닥에 도착하여 낭만적인 분위기를 만끽할 수 있다는 점이었습니다. 러브 락은 러브 시트에 의해 추가된 스펙터클입니다. 3d 디스플레이, led 터널 및 별이 있는 사진 공간이 있는 완전히 새로운 엔터테인먼트 단지가 있습니다. 아주 키치하고 관광지이지만 가족과 젊은 커플이 탐험하기에 좋습니다. 타워를 올라가는 것은 음악과 오버 헤드 영화에주의를 산만하게하는 빠른 엘리베이터 타기였습니다. 타워 전망대 자체는 과자 가게와 관광 상품을 만드는 돈으로 채워지지 않습니다. 안개가 자욱한 공해로 인해 시야가 제한됩니다. 엘리베이터를 다시 내리기 전에 전망에 대한 더 나은 설명이 있는 아래층으로 가십시오. 이 전체 부분은 타워의 바닥에서 충분히 좋은 밤을 볼 수 있으므로 건너뛸 수 있습니다. 가장 좋은 점은 사람들이 보고 있다는 것입니다."
36,16159,3607,3607,4.0,to reach n seoul tower u can use cable car...its a great experience in this cable car... u can also reach by walk or road. enjoy love lock point at the exit of cable car. remember to bring ur lock and key...is believed that ur love wish get true here. climb up to now reach n seoul tower. u can buy ticket to of n seoul tower observatory... view is amazing. lots of entertainment and sovernier shopping at the base of tower. this tower is at mt namson about +200mts above and one of the high level of seoul. even if u dont want to go at observatory deck...do visit this place as lots of fun for all family and couple at base as well. in night u can enjoy beautiful led lights on n seoul tower.,16159,남산타워,36,n 서울 타워에 도달하려면 케이블카를 사용할 수 있습니다 ...이 케이블카에서 좋은 경험을 할 수 있습니다 ... 도보 또는 도로로도 갈 수 있습니다. 케이블카 출구에서 러브락 포인트를 즐겨보세요. 당신의 자물쇠와 열쇠를 가져오는 것을 기억하십시오... 당신의 사랑의 소원이 여기에서 이루어진다고 믿어집니다. 지금 n 서울 타워에 도달하기 위해 올라갑니다. n 서울 타워 전망대 티켓을 구입할 수 있습니다 ...보기는 훌륭합니다. 타워 기슭에서 많은 엔터테인먼트와 소버니에 쇼핑. 이 타워는 약 200m 높이의 남손산에 있으며 서울의 높은 수준 중 하나입니다. 전망대에 가고 싶지 않더라도 ... 기지에서 온 가족과 커플을위한 많은 즐거움으로 이곳을 방문하십시오. 밤에는 n 서울 타워에서 아름다운 led 조명을 즐길 수 있습니다.
37,16535,3983,3983,4.0,"this tower is significantly enhanced by its location, atop a large green and wooded hill in north seoul. the area around the tower has the usual fast food and drinks stands but, crucially, has a large open square which is used to stage regular entertainment and cultural events. we found this more interesting than going up the tower itself.",16535,남산타워,37,이 타워는 서울 북쪽의 큰 녹색과 숲이 우거진 언덕 꼭대기에 위치하여 크게 향상되었습니다. 타워 주변 지역에는 일반적인 패스트푸드 및 음료 판매대가 있지만 결정적으로 정기적인 엔터테인먼트 및 문화 행사를 개최하는 데 사용되는 넓은 광장이 있습니다. 우리는 이것이 타워 자체를 올라가는 것보다 더 흥미롭다는 것을 알았습니다.
38,16977,4425,4425,5.0,we arrive to the n seoul tower more for more curiosity and we were in shock with the city view and all the entertainment offer the area,16977,남산타워,38,우리는 더 많은 호기심을 위해 n 서울 타워에 더 도착했고 우리는 도시 전망과 모든 엔터테인먼트 제공에 충격을 받았습니다.
39,16986,4434,4434,5.0,this building has a spectacular view of the seoul metro area day or night. the is a nice but rather expensive restaurant on the top but a good cafeteria lower down. other entertainment venues. the ride to the top is memorable as well. this is one of the best things you can do in the city and a perfect complement to the bus tour. have fun!,16986,남산타워,39,이 건물은 밤낮으로 서울 메트로 지역의 멋진 전망을 가지고 있습니다. 꼭대기에는 멋지지만 다소 비싼 레스토랑이지만 아래에는 좋은 카페테리아가 있습니다. 다른 엔터테인먼트 장소. 정상을 향한 여정도 기억에 남습니다. 이것은 도시에서 할 수 있는 최고의 일 중 하나이며 버스 투어를 완벽하게 보완합니다. 재미를!
40,17500,4948,4948,5.0,amazing view from the top... would do it again. had no idea it was going to be that long of a hike though. it is not for the faint at heart and those out of shape need to make sure they take plenty of breaks and bring water. we went at night... its really dark on some parts... so consider that. but when you get to the top there is entertainment a couple of restaurants and then at the top of the tower there is a wishing station and the view is awesome!!!!! we took the sky train down... (which i knew they had that before i struggeled up). id do it again though.,17500,남산타워,40,정상에서의 놀라운 전망 ... 다시 할 것입니다. 그래도 하이킹이 길어질 줄은 몰랐습니다. 심장이 약한 사람을 위한 것이 아니며 몸이 좋지 않은 사람은 충분한 휴식을 취하고 물을 가져와야 합니다. 우리는 밤에 갔고... 어떤 부분은 정말 어둡습니다... 그래서 그것을 고려하십시오. 그러나 정상에 도착하면 엔터테인먼트 몇 개의 레스토랑이 있으며 타워 꼭대기에는 소원 스테이션이 있으며 전망은 굉장합니다!!!!! 우리는 스카이 트레인을 탔습니다... (내가 고군분투하기 전에 그들이 가지고 있다는 것을 알고 있었습니다) 그래도 다시 해봐.
41,17568,5016,5016,4.0,"everyone seems to come here and it's not that easy to get to. must take a taxi or a bus. and jumped on any bus to get out of there because taxi not readily available. my sister who loves korean dramas says you have to go here because every couple in the movies come here. why? because there is a love locks area where you put your name and your other halfs name on a lock and lock it to the fence. there are a lot of locks! also here is teddy bear museum, which i found fun. i came on a weekend and it seemed many korean families were out enjoying the outdoor entertainment and just hanging out. locks is free but the tower and museum cost...a lot.",17568,남산타워,41,모두가 여기에 오는 것 같으며 접근하기가 쉽지 않습니다. 택시나 버스를 타야 한다. 택시를 쉽게 이용할 수 없기 때문에 거기에서 나가기 위해 어떤 버스라도 뛰어올랐다. 한국 드라마를 좋아하는 언니는 영화에 나오는 커플들이 다 여기로 오기 때문에 여기로 와야 한다고 합니다. 왜요? 당신의 이름과 당신의 다른 반쪽 이름을 자물쇠에 넣고 그것을 울타리에 잠그는 사랑의 자물쇠 구역이 있기 때문입니다. 많은 자물쇠가 있습니다! 또한 여기에 테디베어 박물관이 있습니다. 재미를 찾았습니다. 나는 주말에 왔고 많은 한국 가족들이 야외 엔터테인먼트를 즐기고 있는 것 같았습니다. 자물쇠는 무료이지만 타워와 박물관은 비용이 많이 듭니다.
42,17802,5250,5250,3.0,"you have to be extremely determined to get to the top of this tower. there’s no quick and easy way. a city tour bus stops here ? the hop on hop off type. local buses venture up, and my guide book says that taxis carrying foreign tourists can drive up. there’s also a cable car but that’s no quick and easy trip either. the base of the cable car has no nearby metro and it’s a climb just to get there. on my way down i did see some shuttle buses but as a tourist, good look with finding out where they go to. there’s a rail car which covers part of the way from the base station to the street level.  anyway, back to the tower. when you get off your bus, you’re still faced with a steep climb to the tower. fatties beware. you buy your ticket then you look round for signs where to go and see none, so naturally you head to the base of the tower and inside you do a complete circuit past numerous cafes etc and see a lift. then you’re told that this is not the lift up. the man points to a public phone across a pathway outside and a small alleyway behind it. you look for the signs and still see none. not any in english anyway. the pathway leads you in to a building with various entertainments and you still find yourself looking around and having to ask where the lift is. eventually, at some point in your life, you get to the top of the tower.  the view is ok. during my 9 day stay i went up on what was probably the clearest sunniest day and it was still very hazy. there were no distant views to be enjoyed. as always, i venture up these towers mid to late afternoon for daytime photos and stay until after dark for night shots. seoul didn’t really come to life and light up very much. not like say hong kong, tokyo, shanghai and sydney. it was disappointing. from a photographic point of view, the cleanliness of the windows was good.  now the descent. i chose to use the cable car. by the time you’ve walked down the multitude of steps to discover the huge queue, you’re unlikely to feel like climbing all the way back up to get a bus down. so you join the queue and during that time you’re expecting to come across a ticket booth, or pay on entry thing. not quite. by the time you get to a point close to boarding you see that almost everybody has already got a ticket by some means, your option is to exit the queue and buy a ticket form the vending machine at point of boarding. while you are trying to work out how to use the non-english machine, 50 people who were behind you are now in front and filling up that single slow-moving cable car. if you’re quick and lucky you just manage to get in that car as i did without having to wait 10 minutes for the next one.  at the base station it’s a case of wandering around and deciding on the options. you’re still fairly high up. there are steps down to street level, and as mentioned earlier, a rail car. some of the non-english speaking tourists found a bay with shuttle buses, went to investigate, then returned to the rail car where i was, having been unable to find out which buses went where. once you’re back on the street it’s about a 20 minute walk to a metro station. and you’re still going downhill.  so, as i said at the beginning, you have to be extremely determined to venture up this tower.",17802,남산타워,42,"이 탑의 꼭대기에 오르려면 극도로 결단을 내려야 합니다. 빠르고 쉬운 방법은 없습니다. 시티 투어 버스는 여기에서 정차합니다 - 홉 온 홉 오프 유형. 시내버스가 올라가고 내 가이드북에는 외국인 관광객을 태운 택시가 올라올 수 있다고 나와 있다. 케이블카도 있지만 빠르고 쉬운 여행도 아닙니다. 케이블카의 기슭에는 근처에 지하철이 없으며 거기에 도착하기 위해 오르막입니다. 내려가는 길에 셔틀버스를 몇 대 보았지만 관광객으로서 그들이 어디로 가는지 알아내는 것이 좋습니다. 베이스 스테이션에서 거리 수준까지의 일부를 덮는 철도 차량이 있습니다. 어쨌든 타워로 돌아갑니다. 버스에서 내리면 여전히 타워까지 가파른 오르막을 마주해야 합니다. 지방이 조심. 당신은 당신의 표를 사서 어디로 가야 하는지 표지판을 둘러보고 아무 것도 볼 수 없습니다. 그래서 자연스럽게 당신은 타워의 바닥으로 향하고 내부에서 수많은 카페 등을 지나 완전한 순환을 하고 리프트를 봅니다. 그런 다음 이것은 리프트 업이 아니라고 말합니다. 남자는 밖 길과 그 뒤의 작은 골목을 가로질러 공중전화를 가리켰다. 당신은 징후를 찾고 여전히 아무것도 볼 수 없습니다. 어쨌든 영어로 아무 것도 아닙니다. 통로는 다양한 엔터테인먼트가 있는 건물로 안내하며 여전히 주변을 둘러보고 엘리베이터가 어디에 있는지 물어봐야 합니다. 결국, 인생의 어느 시점에서, 당신은 탑의 꼭대기에 도달합니다. 보기는 괜찮습니다. 9일 동안 머무르는 동안 나는 아마도 가장 맑은 날에 올라갔고 여전히 매우 흐릿했습니다. 즐길 거리가 없었다. 항상 그렇듯이 나는 낮 사진을 위해 오후 중반에서 늦은 오후까지 이 타워를 올라가고 야간 사진을 위해 어두워질 때까지 머물렀습니다. 서울은 실제로 살아나지 않고 많이 밝아졌다. 홍콩, 도쿄, 상하이, 시드니와는 다릅니다. 실망스러웠다. 사진상으로 봤을 때 창문의 청결도는 좋았습니다. 이제 하강. 나는 케이블카를 이용하기로 했다. 거대한 대기열을 발견하기 위해 수많은 계단을 걸어 내려갈 때쯤이면 버스를 내리기 위해 다시 끝까지 올라가고 싶지 않을 것입니다. 그래서 대기열에 합류하고 그 시간 동안 매표소를 찾거나 입장료를 지불해야 합니다. 좀 빠지는. 탑승에 가까운 지점에 도착할 때쯤이면 거의 모든 사람들이 어떤 방식으로든 이미 표를 받았음을 알 수 있습니다. 선택 사항은 대기열에서 나와 탑승 지점의 자동 판매기에서 표를 사는 것입니다. 당신이 비영어권 기계를 어떻게 사용하는지 알아내려고 하는 동안, 당신 뒤에 있던 50명이 지금 앞에 서서 천천히 움직이는 그 한 대의 케이블카를 채우고 있습니다. 당신이 빠르고 운이 좋다면 다음 차를 위해 10분을 기다리지 않고 내가 했던 것처럼 그 차에 탈 수 있습니다. 기지국에서 이리저리 방황하고 옵션을 결정하는 경우입니다. 당신은 여전히 ????높은 위치에 있습니다. 거리 수준으로 내려가는 계단이 있으며 앞서 언급했듯이 철도 차량이 있습니다. 비영어권 관광객 중 일부는 셔틀 버스가 있는 만을 발견하고 조사를 하러 갔다가 어느 버스가 어디로 갔는지 찾지 못한 채 내가 있는 철도 차량으로 돌아왔습니다. 거리로 돌아오면 지하철역까지 도보로 약 20분이 소요됩니다. 그리고 당신은 여전히 ??내리막길을 걷고 있습니다. 그래서, 내가 처음에 말했듯이, 당신은 이 탑을 올라가기 위해 극도로 결단을 내려야 합니다."
43,18101,41,41,5.0, a wonderful inexpensive luna park a free zoo and a lot of all kinds of entertainment for children  you will find all this in the vast and beautiful great childrens park ,18101,어대공,43,저렴하고 멋진 루나 파크 무료 동물원과 어린이를 위한 모든 종류의 오락이 광대하고 아름다운 어린이 공원에서 모두 찾을 수 있습니다.
44,18252,192,192,5.0, there are entertainment facilities and a zoo the place is very big and it is worth a visit ,18252,어대공,44,엔터테인먼트 시설과 동물원이 있습니다 장소는 매우 크고 방문할 가치가 있습니다
45,18358,298,298,5.0,fun entertainment loads of activities for young ones please visit once to have a wonderful experience,18358,어대공,45,재미있는 오락 청소년을 위한 다양한 활동 멋진 경험을 위해 한 번 방문하십시오
46,18415,355,355,3.0,"the place was huge. we didn't get through it all in the 4 hours we were there. the play areas we got to were nice. i wouldn't really advise the zoo though. we only made it to the monkey's and ""ferocious animal village"". enclosures were small. most animals did not have toys or things for their entertainment. the female lion was the only one and she looked so depressed. the elephant had nothing to play with and was alone. it just rocked back and fourth. the red foxes looked mangey and malnourished. a+ for the playgrounds. f for the ""zoo"". free or not, no animal should be kept like that.",18415,어대공,46,"장소는 거대했다. 우리는 우리가 거기에 있었던 4시간 동안 모든 것을 통과하지 못했습니다. 우리가 갔던 놀이 공간은 멋졌다. 나는 정말로 동물원에 조언하지 않을 것입니다. 우리는 단지 원숭이와 ""사나운 동물 마을""에 그것을 만들었다. 인클로저가 작았습니다. 대부분의 동물들은 오락을 위한 장난감이나 물건이 없었습니다. 암사자는 혼자였고 그녀는 매우 우울해 보였습니다. 코끼리는 놀아줄 것도 없고 혼자였다. 그것은 단지 앞뒤로 흔들렸다. 붉은 여우는 망하고 영양 실조로 보였다. 놀이터에 대한 +. f ""동물원"". 무료든 아니든, 어떤 동물도 그렇게 보관되어서는 안 됩니다."
47,18946,85,85,3.0,"a wednesday morning and it is absolutely empty. if in need of a quiet walk, this is the place. bring your own entertainment.",18946,여의도한강공원,47,수요일 아침이고 그것은 절대적으로 비어 있습니다. 조용한 산책이 필요하다면 이곳이 좋습니다. 나만의 엔터테인먼트를 가져오세요.
48,19038,177,177,3.0,"just park as you can see. there are some nice cafe. summer is nice, there is public pool. but winter, there is no entertainment.",19038,여의도한강공원,48,"그냥 보이는 대로 주차하세요. 좋은 카페가 있습니다. 여름은 좋고, 공공 수영장이 있습니다. 그러나 겨울에는 오락이 없습니다."
