,STAR,CONTENT,SCORE,COMPOUND,VADER
0,5.0,one of the nicest park in Seoul Great to walk around absorbing the nature,Positive,0.8074,Positive
1,5.0, It is large and wellmaintained so it is good for a walk It looks good for a picnic and exercise doesnt seem to be a problem I went on a weekday and there werent many people but on the weekends it was really ,Positive,0.3212,Positive
2,5.0,Pretty park with a nice vibe,Positive,0.7184,Positive
3,5.0,I loved this place Nice for just walking around there are places to grab a cup of coffe nearby as well,Positive,0.8316,Positive
4,5.0,Good place for picnic and spend some time near the nature,Positive,0.4404,Positive
5,5.0,It is such a great place to chill and take a walk Free entrance,Positive,0.8126,Positive
6,5.0,Spent some time here on a weekday and it was a quiet and relaxing afternoon,Positive,0.4939,Positive
7,5.0, Seoul Forest After listening to all that time I stopped by the restaurant to visit the restaurant ,Positive,-0.2263,Negative
8,5.0,One of the best parks in Seoul,Positive,0.6369,Positive
9,5.0, I took a walk in the afternoon when the spring rain was moist ,Positive,0.0,Neutral
10,5.0, I saw a lot of beech flowers and saw a lot of flowers that are hard to see ,Positive,-0.1027,Negative
11,5.0,A place to explore time and time again filled with art to enjoy water fountains to play in and miles of perfect natural serenity,Positive,0.8957,Positive
12,5.0,This is a nice peaceful park in the middle of the city with outdoor gym table tennis and tennis fields,Positive,0.7184,Positive
13,5.0, The Seoul Forest which shows a different look for each season is really nice I think the hidden sincerity of the gardeners and caretakers everywhere in the forest such as flowers trees fountains ponds etc was ,Positive,0.4754,Positive
14,4.0, Its not crowded enough compared to other places so its a good place for outings and couples to enjoy a date ,Positive,0.749,Positive
15,5.0, Its easy to access on weekdays and its good for leisure ,Positive,0.7003,Positive
16,4.0, Insect hall botanical hall deer etc There are many things to see ,Positive,0.0,Neutral
17,5.0,This is such a pretty area We walked the trails in the early morning when the weather was perfect,Positive,0.7845,Positive
18,5.0, A place like the breath of the world with only home and work ,Positive,0.3612,Positive
19,4.0, Its spacious so its good for a walk there are many shaded places and there are benches so its nice to take a walk comfortably It was hot so the children were hanging out in the fountain ,Positive,0.8425,Positive
20,5.0, I went to Seoul Forest for the first time It is good for a quiet walk for 12 hours ,Positive,0.4404,Positive
21,5.0, good place to go with family Mosquito attention ,Positive,0.4404,Positive
22,5.0, Walks forests contemplation healing everything is good ,Positive,0.4404,Positive
23,5.0,Not bad for walking and sports no high climbs,Positive,0.1655,Positive
24,5.0, Seoul Forest Its spacious and quieter than I thought and theres a lot of shade so its cool There are several benches and picnic seats so you can take a break or do some ,Positive,0.3774,Positive
25,5.0,Lovely park in the city I am jealous at the residence around this area for having such a good greenery nearby A great place to spend time to walk around getting fresh air clear the head Seeing all the trees here is very relaxing And ,Positive,0.945,Positive
26,5.0, It seems like a blessing to have such a big park in the middle of Seoul  ,Positive,0.6908,Positive
27,5.0, You can take a walk in the sweltering summer and enjoy the good snow comfortably ,Positive,0.836,Positive
28,5.0,Its a very nice park  were so happy to have this park ,Positive,0.8331,Positive
29,4.0,Very nice to to at night Beautiful lights everywhere  Like a fairytale  Should have more trash cans but this is only my opinion,Positive,0.6424,Positive
30,5.0,Yo Im not sure,Positive,-0.2411,Negative
31,5.0,Best place to relax,Positive,0.7964,Positive
32,4.0, Its hard to find a park like this in Gangbuk Seoul There is an Olympic Park but for some reason it feels like nature and leisure coexist ,Positive,0.5859,Positive
33,5.0, Seoul Forest in Seongdonggu  It is a park so large that you wonder where in Seoul you can find such a ,Positive,0.0,Neutral
34,5.0,Great place,Positive,0.6249,Positive
35,5.0,I came here at night and it was calm and theres a piano we can play on,Positive,0.5719,Positive
36,4.0, Articulation by making them all over the resting place there are too many people ,Positive,0.0,Neutral
37,5.0, Seoul Forest The scenery is beautiful there are many shelters and I also liked the small stream running through it It is the largest forest and ecosystem in Seoul ,Positive,0.7717,Positive
38,5.0, I went to Seoul Forest for the first time while living in Seoul and it was a great healing The hydrangeas are blooming beautifully and there are themed trails all over ,Positive,0.8316,Positive
39,4.0, Great for a walk Its good to take a leisurely stroll and rest when you dont have a special schedule ,Positive,0.6948,Positive
40,5.0,Perfect for a relaxing jogwalk or walking your   Being here sure made me miss my dog,Positive,0.8225,Positive
41,4.0,Nice park in the middle of the city,Positive,0.4215,Positive
42,4.0, I really like itI like to go for a walk and have a picnic with my family ,Positive,0.6794,Positive
43,5.0, Its perfect for a walk in the park after watching childrens musicals and eating around ,Positive,0.5719,Positive
44,5.0, It is completely different from winter as the greenery is thick ,Positive,0.0,Neutral
45,5.0, Quite a fairly large park which is not common in Seoul But if you go at night its very dark ,Positive,0.0,Neutral
46,2.0, I think management has been neglected these days Mirror Lake is full of dust and the creek is full of moss I hope they manage it well and return to the old Seoul Forest ,Negative,0.1531,Positive
47,4.0, A forest in Seoul It is not so dense and feels like a large park Lots of shooting There was no water in the mirror pond ,Positive,0.0772,Positive
48,5.0,Lovely relaxing spot very peaceful on weekdays There are several interesting facilities such as a butterfly enclosure and a insect garden There was also a small garden for honeybees The deer corral is a little far from the other ,Positive,0.9216,Positive
49,4.0, The forest itself is nice but it has been carefully decorated everywhere The downside is that you can hear the car ,Positive,0.0387,Neutral
50,4.0, Anytime is so good If only we didnt create a wind of sand while dancing as a group ,Positive,0.4455,Positive
51,4.0, It was my first visit to Sungkwang Church for outdoor worship It is a landmark of Seongdonggu ,Positive,0.3612,Positive
52,5.0, Pleasant and good However pigeon territoriality is very serious hehe ,Positive,0.6815,Positive
53,5.0, A good place to take a walk as it is beautiful in all four seasons ,Positive,0.7783,Positive
54,5.0, Lots of people come on the weekend I like the grass and the forest It is good that there are high apartments such as forests around ,Positive,0.6597,Positive
55,5.0, It is spacious and comfortable and there are many places to rest and play Children and families can visit ,Positive,0.6908,Positive
56,5.0, Naturefriendly space a healing space in the city center ,Positive,0.0,Neutral
57,5.0,Great park to chill out Its super near the subway station and inside of the park there are many attractions to visit such as deer shelters the butterfly house small green house etc Close to the very popular area as well,Positive,0.9432,Positive
58,5.0,It is great place to chill out with your friends and family or loversdo visit once,Positive,0.802,Positive
59,4.0,Nice place,Positive,0.4215,Positive
60,5.0, The trees have grown like this and now they have become a forest Its really Seoul Forest There are many places to rest on mats many benches and many flowers Healing place in the city center ,Positive,0.3612,Positive
61,4.0, 1 It is not far to visit but it is worth a visit if you are nearby ,Positive,0.3291,Positive
62,5.0, Its leisurely spacious and green Come to town and heal ,Positive,0.0,Neutral
63,5.0, Its so good Its good to come with friends and lovers and the park is well established ,Positive,0.9323,Positive
64,5.0, One of the few livingtype parks in the city center a place where you can simply relax and enjoy as well as exercise and small gatherings ,Positive,0.802,Positive
65,4.0, Everything is good except for the inconvenience of parking There are also free inline instructors so if you have a child who wants to ,Positive,0.5719,Positive
66,5.0, A park where you can enjoy nature in the heart of the city Exercise along the promenade and lay a mat on the deck ,Positive,0.4939,Positive
67,5.0, There are toilet stalls in the center basketball courts lawns foot volleyball courts and sports spaces so its a great place to walk around ,Positive,0.6573,Positive
68,5.0, I am very fortunate to have such a space in the megalopolis of Seoul It was nice to feel the effort to make a real forest not just one of many parks in the city Of course it doesnt really feel like a forest like ,Positive,0.3315,Positive
69,5.0, Great for families and lovers A mat is required and meals can be picked up in front of the Seoul Forest Management Office if necessary The nearby restaurant is Sosso ,Positive,0.8176,Positive
70,5.0, A place where you can relax comfortably Its right next to the subway station so its easy to access Tablelike facilities that werent there before were also created in between so ,Positive,0.8714,Positive
71,5.0,Good,Positive,0.4404,Positive
72,5.0, There is a park with a forest in the center of Seoul Its good to meet friends who live far away Its good to pack a lunch and go on a picnic ,Positive,0.836,Positive
73,5.0,  ,Positive,0.0,Neutral
74,5.0, It is well managed and good but I wonder if it will be managed as neatly as before since the private sector is directly managed by the government in Seoul ,Positive,0.6808,Positive
75,1.0, A resting place for citizens with a lush forest statues everywhere and a spacious park ,Negative,0.0,Neutral
76,5.0,Seoul Forest is a great nature escape in the middle of a busy city Lovely walking trails and lots of places to picnic and hang out,Positive,0.8625,Positive
77,5.0, Huge park accessible and with many routes to go through there is also a tunnel to reach the Han River There are several places to buy drinks and also to relax ,Positive,0.6486,Positive
78,5.0, It was a quiet and wellmaintained park to the extent that it felt like real Seoul ,Positive,0.3612,Positive
79,4.0, A wide variety of forests lawns and waterfronts One star because it is not a natural forest ,Positive,-0.2755,Negative
80,5.0,Beautiful Clean Surprised Place,Positive,0.8176,Positive
81,5.0, Established in Seongsudong it is a popular park with citizens It is connected to Seoul Forest Station so it is convenient to use by public transportation ,Positive,0.4215,Positive
82,5.0,Beautiful park with lots of different things to see Definitely worth walking through if youre near,Positive,0.8176,Positive
83,5.0, It is a large and wellmaintained park close to the subway ,Positive,0.0,Neutral
84,4.0, The weather was nice today so I rode a bike and went along the Han River and the flowers bloomed so beautifully Its nice to take a walk and theres a pretty cafe street nearby ,Positive,0.9266,Positive
85,5.0, Its close so I go often Its close to the Han River and its very good ,Positive,0.4927,Positive
86,5.0, At Seoul Racecourse moved to Gwacheon and a park was created ,Positive,0.25,Positive
87,5.0,Great place if you want to escape for a second from the busy city of seoul,Positive,0.7269,Positive
88,5.0, I was surprised because there were so many people spread out mats here and there Its a world without corona ,Positive,0.2263,Positive
89,5.0, Its good but its like acacia tree seeds or something and the fluff is flying like crazy ,Positive,0.6542,Positive
90,5.0, Tulips are in full bloom A great place to visit in spring ,Positive,0.6249,Positive
91,5.0, It feels like a foreign country I feel blessed to be close to home ,Positive,0.7506,Positive
92,4.0, Its good but its not worth going on the weekend 2 hours just for parking ,Positive,-0.0127,Neutral
93,4.0, The trees the flowers the shelter and the people there are so good It was made during the Lee Myungbak administration ,Positive,0.5777,Positive
94,5.0,Great park,Positive,0.6249,Positive
95,4.0, The more you go inside the stronger the feeling of nature You have to look for it especially since you can see deer and elk ,Positive,0.4767,Positive
96,5.0, Seoul Forest has beautiful flowers and trees in all four seasons and its nice to be able to enjoy it leisurely on lawns and benches It is spacious and there are many things to see and the trees and flowers are so ,Positive,0.872,Positive
97,4.0, I went on the weekend and there were so many visitors that it was difficult to cycle around Its a great place to go and relax with the kids on the weekend ,Positive,0.6705,Positive
98,4.0, In the city center with park attractions benches where you can take a break and a flat bungalow you can enjoy healing and see the Han River across the Longlong Bridge ,Positive,0.7184,Positive
99,4.0, Very good with family ,Positive,0.4927,Positive
100,5.0, It is large and various trees are planted so there is jam Around the small lake there are various chairs and shelters and there are shelters everywhere so you can have a small gathering by bringing a packed ,Positive,0.0,Neutral
101,5.0, Ecological park in the city 456 years ago when I was in college My heart swells at the memories of Ttukseom ,Positive,0.0,Neutral
102,5.0,Great spot for a picnic There are plenty of tables even if you forget a blanket I came here on a Sunday and it was packed Theres a deer farm close by you can visit and plenty of food stalls in the area This place was beautiful in the spring,Positive,0.7964,Positive
103,4.0, I visited to attend a wedding and went there with my granddaughter as it was close to the way home It takes almost an hour just to park ,Positive,0.0,Neutral
104,5.0, When Corona is over it is a good park where lovers and family can line up  ,Positive,0.743,Positive
105,4.0, The night view and the proximity to Seoul are all good It is so popular that parking is difficult but not a disadvantage ,Positive,0.6711,Positive
106,5.0, There is such a beautiful park in downtown Seoul Seoul is a better place to live and more comfortable than Jeju Bagus ,Positive,0.8858,Positive
107,4.0, You can be healed by reading a book or having a cup of coffee under the shade of the lovers holy land ,Positive,0.5267,Positive
108,5.0, Its a weekday in early summer so its a good place for a walk ,Positive,0.4902,Positive
109,5.0, It is convenient to give up parking quickly use of public transport ,Positive,0.0,Neutral
110,5.0, Visit when various flowers such as tulips and daffodils are in full bloom There are many cute flowers and the trees are not very old but there are quite a few so it feels like breathing in the city center ,Positive,0.6854,Positive
111,4.0, Ive been going since the first year but now there are more people than flowers to go to on my days off ,Positive,0.0,Neutral
112,5.0,I think its good to go to Seoul Forest anytime,Positive,0.4404,Positive
113,4.0, I like me as much as there were many flowers There are many people on the weekend so the dirt road is not a joke with the dust so lets fight it haha ,Positive,-0.237,Negative
114,4.0, The disadvantage is that there is a large forest nearby and there are too many people ,Positive,-0.4215,Negative
115,5.0, Seoul Forest Park is an ecological park located in the middle of Seongsudong The park is quite large and there are convenient facilities cafes and restaurants around the park so it is a good place to visit on a ,Positive,0.4877,Positive
116,5.0, Seoul Forest Park Seoul Forest Gongwin is an amusement park located on Ttukseom Seongsudong Seoul Salgot is also associated with a horse ranch Sand for many years in the ,Positive,0.3612,Positive
117,5.0, Take Line 4 at Indeokwon Station transfer to Line 7 at Isu Station get off at Ttukseomwonji Station walk about 25km along the Hanganbyeon and turn to Seoul Forest Park near Seongsu Bridge and take a long walk ,Positive,0.0,Neutral
118,5.0, Spring is over after a long winterVery pretty buds and colorful tulips ,Positive,0.4939,Positive
119,5.0, A park in the city center   Good for a walk or exercise ,Positive,0.4404,Positive
120,4.0, An acquaintance said that he wanted to go to Seoul Forest I went with a guide ,Positive,0.0,Neutral
121,5.0,Good,Positive,0.4404,Positive
122,5.0, A more beautiful place in spring    ,Positive,0.6361,Positive
123,3.0, When the weather is nice on the weekend there are so many people that the dust blows ,Negative,0.4215,Positive
124,4.0, There were a lot of people and I saw the flower rain falling very beautifully the sad thing is ,Positive,0.0076,Neutral
125,5.0, The park is spacious and airy After 3 years of the Corona epidemic this year people travel more comfortably so the number of people flocking to admire the scenery is very large ,Positive,0.7764,Positive
126,4.0, Seeing the cherry blossom road is really beautiful After a few years because of the corona epidemic this year people went to see a lot ,Positive,0.6361,Positive
127,5.0, I think it would be great to go in spring or fall There are quite a few good restaurants around  ,Positive,0.8062,Positive
128,4.0, It is good to take a walk with family or lovers or enjoy a casual picnic Now April the cherry blossoms are in full bloom and it looks like a cherry ,Positive,0.9153,Positive
129,5.0, I love taking pictures of cherry blossoms haha Parking is a bit difficult because there are so many people There are a lot of places to take pictures so its great ,Positive,0.8773,Positive
130,5.0, People who live near Seoul Forest must be really nice It seems that we will visit once a year by setting one day on a spring day when the flowers are blooming ,Positive,0.4754,Positive
131,5.0, Although there are many people it is still a pretty forest ,Positive,0.4939,Positive
132,5.0, The weather is nice and the cherry blossoms are in full bloom ,Positive,0.4215,Positive
133,1.0, Nothing There is so little green space in the city center so I just go I guess its something like a park in the heads of government officials ,Negative,0.3612,Positive
134,5.0, I had a great time in Seoul Forest where old cherry blossoms and cherry blossoms are in full bloom Thank you for a happy space where I can be with my friends ,Positive,0.9246,Positive
135,4.0, Seoul Forest is good every time I come Good except for the small parking lot ,Positive,0.7003,Positive
136,5.0, It was better to have a space in the middle to sit and relax in a large space ,Positive,0.7003,Positive
137,5.0, The cherry blossoms in 2022 will bloom on April 7th this year It was a lump until the 5th but it opened right away  ,Positive,0.0,Neutral
138,5.0, Seoul Forest where you can feel at ease there are always a lot of people ,Positive,0.3612,Positive
139,5.0, The whole family went for a walk and saw deer and rabbits The child loves it ,Positive,0.5719,Positive
140,5.0, After doing all the chores nearby I went to the Seoul Forest subway station with my friends and everyone said that the weather was nice so lets go to Seoul Forest so we all went there Even though they werent in ,Positive,0.7096,Positive
141,5.0, Really good First of all its nice to have a place like this in Seoul ,Positive,0.8173,Positive
142,5.0, The flowers havent bloomed yet but this place has a great atmosphere ,Positive,0.7684,Positive
143,4.0, It is a very good place to go out on a spring day in April There are trees there is a lake and there is a wide lawn ,Positive,0.4927,Positive
144,5.0, It was a resting place enough to say that a place like this exists in the middle of downtown Seoul It feels like a central park in Seoul ,Positive,0.6124,Positive
145,5.0, It is a space with family memories The playground for children is large and there is a fountain in summer for children to enjoy and it is good for dog walks ,Positive,0.7269,Positive
146,5.0, When I visited last year  March 29 2021 the cherry blossoms were in full bloom but this year even though it was March 31 only magnolias were in bloom I think you can see the cherry blossoms in full bloom ,Positive,0.0,Neutral
147,5.0, There is a public parking lot and its right in front of the subway so its easy to go to the park The forest playground is also very good so children aged 3 and 6 liked it There is also a water playground Its ,Positive,0.847,Positive
148,5.0, Seoul Forest is the only oasis in the concrete desert I want to live in Seongsu ,Positive,0.0772,Positive
149,5.0, A wide lawn and blooming flowers Its so comfortable and beautiful ,Positive,0.8557,Positive
150,5.0, Good place for a walk I hear the news of spring flowers You can also enjoy the night view of Seongsu Bridge past the horse statue ,Positive,0.7269,Positive
151,5.0, Normally you must park before 11am on weekends and the parking lot on the back road may be blocked due to double parking Playground in the forest the floor fountain is popular and the floor fountain time has been ,Positive,0.1779,Positive
152,4.0,A lovely park located in Seoul It was nice to come here to escape the hustle and bustle of the city and just walk amongst the trees and gardens and appreciate nature The park itself is well mapped and easy to get around There are toilets ,Positive,0.9325,Positive
153,1.0, Its a forestlike park but its messy and theres nothing to see ,Negative,-0.5023,Negative
154,5.0, Its early spring so it still feels like winter but I was happy to see the newly planted bright flowers It is nice to be able to take a break with many benches ,Positive,0.9366,Positive
155,5.0, Its great to enjoy the forest in the city center Deer can also be seen ,Positive,0.8074,Positive
156,4.0, Its fun to find bts with the kids and its good for a walk ,Positive,0.7351,Positive
157,3.0, like However on weekends and public holidays there is a waiting time of 1 to 2 hours when entering the vehicle ,Negative,0.6249,Positive
158,5.0, If you go at night and set the light to maximum and take a picture it will come out like that on your phone camera Its around 10 oclock at night hahaha ,Positive,0.7269,Positive
159,5.0, A good place to walk or ride a bike A place where dogs and children can run around to their hearts content ,Positive,0.4404,Positive
160,5.0, On the weekends come around 10am and play early looks good ,Positive,0.6486,Positive
161,5.0, Its a great place to go with dogs and babies There is a long queue for public parking ,Positive,0.6249,Positive
162,5.0, Recommended for spring and autumn when the weather is nice ,Positive,0.5574,Positive
163,3.0, This is a walking course for dogs There is also a pretty cafe nearby ,Negative,0.4939,Positive
164,5.0, I was frustrated in the Corona era When I went to the forest my heart sank I felt ,Positive,-0.5267,Negative
165,5.0,Good,Positive,0.4404,Positive
166,5.0, It is a walking park located in Seongdonggu Get off at Subway Line 2 Ttukseom Station or Bundang Line Seoul Forest Station ,Positive,0.0,Neutral
167,5.0, Parking is easy I love magpies You can see a lot of puppies ,Positive,0.7964,Positive
168,5.0,Good place,Positive,0.4404,Positive
169,3.0, Seoul Forest Park in winter I just didnt do much ,Negative,0.0,Neutral
170,5.0, It can be really healing just taking a walk is good If I can go to Korea I want to go back ,Positive,0.4939,Positive
171,4.0, It was disappointing that the Butterfly Hall was also closed and the maintenance was a little less since it was winter ,Positive,-0.4939,Negative
172,5.0, There are various things to see and it is also well connected to the Han River bike path so it is easy to access Its spacious and not boring ,Positive,0.7372,Positive
173,5.0, You can walk in the holy water to Seoul Forest and you can rent bicycles around the area which is great Cherry blossoms in spring and maple trees in autumn everything here is a scenic spot ,Positive,0.6249,Positive
174,5.0, A different feeling in Seoul Forest season I love Nadri with my family ,Positive,0.6908,Positive
175,4.0, After the establishment of this place Seongsudong has been transformed into a good neighborhood to live in For that alone the people of Seongsudong should be thankful;; ,Positive,0.2263,Positive
176,5.0,Great incity nature park,Positive,0.6249,Positive
177,1.0, I went to Seoul Forest with my granddaughters Granddaughters ride the swing Having fun on the slide ,Negative,0.5106,Positive
178,5.0,Lovely park for full day family trip Has everything for a fun day right in the middle of the city Eye catching sculptures play areas food outlets flower shows zoo artistically engineered padestrian bridge and many more fun facts Must visit place of soulful Seoul,Positive,0.9153,Positive
179,5.0, Great place for a walk in winter You can take a break at the botanical garden and there are deer ,Positive,0.6249,Positive
180,4.0, nice park for a picnic But on the weekends the line to get in by car is too long ,Positive,0.2263,Positive
181,5.0, Its so open and green that I feel like this is Seoul so its healing ,Positive,0.3612,Positive
182,4.0, Feeling dedicated because of Corona  I want to visit again when it sprouts in spring ,Positive,0.5859,Positive
183,5.0,Perfect place for a walk any time of the day,Positive,0.5719,Positive
184,5.0,Great place for a walk,Positive,0.6249,Positive
185,4.0, Its my first time here but Im surprised that there is such a big park in Seoul ,Positive,0.3291,Positive
186,5.0, 20200719  Parking space is moderate but I think it may be insufficient on weekends so ,Positive,0.0,Neutral
187,5.0,days,Positive,0.0,Neutral
188,5.0,Beautiful place Snow makes it so pretty you can smell the fragrance of the forest through your mask Came here to hunt for the benches and spend an entire afternoon trekking through all parts of the place Well worth the sights,Positive,0.9004,Positive
189,5.0, Its the best place for walking Two Gureum Bridges connected to the Han River Deer and rabbit ecological forest in one underground passage ,Positive,0.6369,Positive
190,5.0,Cool to rent a bike and ride around Really big and spacious,Positive,0.3182,Positive
191,4.0, I think it would be good to come with a child in spring or fall There is also a large playground ,Positive,0.4404,Positive
192,5.0,Beautiful spot great for pics walks and sunsets There are deers here too,Positive,0.8402,Positive
193,3.0, It was winter so it wasnt pretty but it was okay  I want to visit in a season other than winter ,Negative,0.2154,Positive
194,5.0, 124 After receiving a message from a good friend I took a walk in Seoul Forest Park ,Positive,0.7269,Positive
195,5.0, London parks are not Quiet place in downtown Seoul Spring autumn winter drop by anytime ,Positive,-0.2732,Negative
196,5.0, I am grateful to have such a park in the heart of Seoul It is a pleasure to take a leisurely walk with your family or your pet dog in a nearby place while feeling the nature ,Positive,0.802,Positive
197,5.0, I can feel the quiet autumn It shows various colors for each season good for a walk ,Positive,0.4404,Positive
198,3.0, It would have been nicer and better if it was quiet so many A little disappointed with the crowd ,Negative,0.4077,Positive
199,5.0, Spacious well maintained and clean Its fun to see in harmony with the highrise buildings and there are a lot of people Great place to go for a picnic ,Positive,0.9313,Positive
200,5.0,Best place for dog walking,Positive,0.6369,Positive
201,5.0, A place where you can find changes in nature in the heart of the city ,Positive,0.0,Neutral
202,4.0, Elementary school students are having a lot of fun at the playground A hot slide A swing for two ,Positive,0.5106,Positive
203,5.0, Its nice to take a walk in the fall Im envious of the people who live in Galleria Foret Im also curious about the green Seoul Forest in summer ,Positive,0.4588,Positive
204,5.0,Nice park,Positive,0.4215,Positive
205,5.0, Transportation is good There is a lot of space to walk wide ,Positive,0.4404,Positive
206,5.0,Beautiful place,Positive,0.5994,Positive
207,5.0, A park with beautiful autumn leaves that I visited across Yongbi Bridge ,Positive,0.5994,Positive
208,4.0, Seoul Forest consists of four distinct spaces Culture and Arts Park Experience Learning Center Ecological Forest and Wetland Ecology Garden ,Positive,0.0,Neutral
209,5.0, Its a nice walking trail deer are cute ,Positive,0.7003,Positive
210,5.0, Buildings and forests people and dogs get along together ,Positive,0.0,Neutral
211,5.0, In Seoul I felt the peace of the forest well It was a pity that I couldnt go during the autumn leaves season but it is a romantic place ,Positive,0.6956,Positive
212,5.0, Spacious and cozy place I recently had a meeting with my friends ,Positive,0.4767,Positive
213,5.0, First of all it is very spacious so even if there are a lot of people it seems to be comfortable I went in the fall and there were no flowers sorry Instead I was satisfied with the maple and silver grass ,Positive,0.5574,Positive
214,5.0, If you prepare in advance that is connected to a large space go to a oneday emergency room ,Positive,-0.3818,Negative
215,5.0, Always good every time I go My 7yearold child likes to ride a bicycle so I rented it today and came to ride it ,Positive,0.6908,Positive
216,5.0, It is a healing space as if you have come to Paris Park in the heart of the city ,Positive,0.0,Neutral
217,5.0, Its the best to take a walk and relax Central Park in Korea ,Positive,0.7964,Positive
218,5.0, The playground was bigger than I thought so the kids loved it ,Positive,0.6326,Positive
219,5.0, Its great to have a forest like this in Seoul I went there a while ago and it was really autumn It was a bit cold but I spread a mat and went to sleep ,Positive,0.5106,Positive
220,5.0, Visited on 30 October 2021 I envy the people who live here that there is a park like this in downtown Seoul ,Positive,0.1027,Positive
221,5.0, There are many things to see in the ginkgo grove autumn leaves and wetlands Parking is difficult because it is a Sunday ,Positive,-0.3612,Negative
222,5.0, If you go now you can really feel the autumn atmosphere ,Positive,0.0,Neutral
223,4.0, There were quite a few people who were recovering Childrens playgrounds are closed ,Positive,0.0,Neutral
224,5.0, I am so grateful to be in a park like this in Seoul Better than any paid park ,Positive,0.8268,Positive
225,5.0, Seongsudong Seongdonggu A place where you can take a short walk and rest without having to go to the suburbs in Seoul ,Positive,0.0,Neutral
226,4.0, Great for a walk in a wide space There is also a botanical garden so its nice to see a little bit ,Positive,0.8008,Positive
227,5.0, If you come out from Exit 3 of Seoul Forest Station on the Suin Bundang Line turn back and walk along the path with a quiet small shop and coffee shop the first things you will see Gunmasang and Sculpture Park ,Positive,0.0,Neutral
228,5.0, Recommend Recommend Recommended coffee shop at the entrance ,Positive,0.7003,Positive
229,4.0, I went by car on the weekend and it was too late so I just came back ,Positive,0.0,Neutral
230,5.0, The playground facilities are also open so its great to go in these days of weather ,Positive,0.6573,Positive
231,5.0,Really nice place ,Positive,0.4754,Positive
232,5.0, The autumn leaves in Seoul Forest are at their peak from November 10th to 13th Note please ,Positive,0.3182,Positive
233,5.0,Beautiful forest in Seoul Every season has its charm You must visit if you are in town ,Positive,0.765,Positive
234,5.0, The autumn leaves are beautifully colored peaceful and the weather is very nice ,Positive,0.8748,Positive
235,4.0, Its a good place to stop by for a photo shoot and its always a place where new encounters await  ,Positive,-0.0772,Negative
236,5.0, Its been a while since Ive visited but its clean because the surrounding construction has been completed A variety of plants were also planted like ,Positive,0.7783,Positive
237,4.0,Great place for pictures with things to see for singles couples and families The childrens park has some nice slides rope courses sand pit and other play things There are butterfly and insect observatories as well as a mirror pond ,Positive,0.886,Positive
238,5.0, When my old job was close I went often to smoke a mat to buy kimbap and chiki to have a picnic and to ride a bike but its been a long time since I went Even the colored leaves ,Positive,0.0,Neutral
239,4.0,The experience was good,Positive,0.4404,Positive
240,5.0, It is a place that gives you a comfortable rest at any time ,Positive,0.5106,Positive
241,5.0, The park itself is quiet so its good for a walk  You can park your car in the parking lot across from the park but if the front ,Positive,0.2707,Positive
242,5.0,Nice for strolling Trees are well cared for walk Trees are starting changing their colors Lots of cafes and restaurants are around Good to spend some time,Positive,0.8625,Positive
243,4.0, It was good for a long outing with a good person The weather was nice too  ,Positive,0.8225,Positive
244,5.0,It s a beautiful  place,Positive,0.5994,Positive
245,5.0, Even with a lot of people it was spacious and it was quiet and nice ,Positive,0.4215,Positive
246,5.0, The wide green trees make your eyes comfortable However there are a lot of people ,Positive,0.5106,Positive
247,5.0, very good It is a city park so it is not very spacious but it has various facilities and is convenient because there are many public toilets and trash cans There is also a lot to see It would be better to visit ,Positive,0.7137,Positive
248,3.0,Nice place to relax,Negative,0.6908,Positive
249,5.0, Good for a walk Go with children like ,Positive,0.6597,Positive
250,5.0,Refreshing environment Must visit to enjoy cool breeze and be close to nature,Positive,0.6705,Positive
251,4.0, It is a pleasure to be able to deal with the forest in the city center It is peaceful to see families and people walking quietly ,Positive,0.7845,Positive
252,5.0, Its a good place for both families and couples but I think people who are still not wearing masks need to think a little bit Its clean and there are cute things to do and its good ,Positive,0.9178,Positive
253,5.0, A very naturefriendly place to go with family lovers and acquaintances There is also a cafe street It seems to have improved compared to the past such as convenient facilities If you live in Seoul it is a place ,Positive,0.7579,Positive
254,5.0, I think it would be better when the leaves are autumnal Its still good ,Positive,0.7003,Positive
255,5.0, Every time you enter the feeling of being as close to nature as possible among the quaint parks in the city you will be healed Properly spaced benches allow you to enjoy quietly wherever you are ,Positive,0.6808,Positive
256,4.0, A good place to take a breather A shelter with a good atmosphere ,Positive,0.7003,Positive
257,5.0, Seoul Forest in Autumn  There are many places to take pictures and it is best to walk like a walk ,Positive,0.7717,Positive
258,5.0, It is a park where you can heal It is possible to wear a puppy ,Positive,0.0,Neutral
259,5.0, The park is well maintained and is in very good condition The number of restaurants and stylish restaurants nearby is steadily increasing making it a good oneday date course ,Positive,0.831,Positive
260,5.0, The parking lot is sometimes crowded but it is precious because it is one of the heart of Seoul ,Positive,0.7227,Positive
261,5.0, A place where you can lay a magnifying glass and relax Its not like a park its really like a forest  ,Positive,-0.0823,Negative
262,5.0, Good for a walk a date with a lover or a family outing In general I went on a rainy day but it was charming and nice ,Positive,0.9201,Positive
263,5.0, I went for a bike ride with my friend It was nice and clean I came to heal comfortably ,Positive,0.8885,Positive
264,5.0, You can heal in the city center and experience the process of purifying the tap water that you drink with your family ,Positive,0.0,Neutral
265,5.0, A place to visit often because you can feel nature in the heart of the city ,Positive,0.0,Neutral
266,4.0, A lot of people came because its a holiday and its a huge park Childrens strollers lovers friends ,Positive,0.8885,Positive
267,5.0, great Satisfaction with the programs offered by Seoul is also very high I plan to visit again next week ,Positive,0.7906,Positive
268,5.0, You must move in to the Seoul Forest Landmark Apartment in the back ,Positive,0.0772,Positive
269,4.0,Seoul Forest was pretty big If you want to go be prepared to walk a lot Also some of the things are closed at a specific time so make sure to check the times before you go,Positive,0.7893,Positive
270,5.0, A leisurely light exercise with the family I like it because it gives a cool feeling because there are many trees for a walk ,Positive,0.6486,Positive
271,5.0, Seoul Forest I went for a walk on a rainy day not just a forest but a park Similar to the Seoul Botanical Garden You can see butterflies and insects you can see deer and there are many pretty cafes nearby ,Positive,0.631,Positive
272,5.0, Its really wide and the path is good for a walk There are interesting places hidden all over the place so it is fun to look around Great place for a picnic ,Positive,0.9226,Positive
273,5.0, like There is nothing special but it is meaningful that it is in the center of the city and it is good for a light stroll ,Positive,0.7858,Positive
274,5.0, I like to go for a walk and see deer Build love too ,Positive,0.7717,Positive
275,5.0,The Best time  to go  is in spring and autumn  those time the park is more beautiful with seasonal flowers In summer the beauty is another senic vuew with greenery trees A very  peaceful place,Positive,0.9492,Positive
276,4.0,The only bad thing is that the public piano is broken,Positive,-0.765,Negative
277,5.0, It is very good in late summer and autumn There are many restaurants ,Positive,0.4927,Positive
278,5.0, Its so Good for a dog walk Great for a date Honcance is the best ,Positive,0.9099,Positive
279,4.0, It is a place where you can take a leisurely stroll in Seoul Recommend Gosh ,Positive,0.3612,Positive
280,4.0, A park in the forest in the city Seoul Forest A large crowd ,Positive,0.0,Neutral
281,4.0, A very good place for a walk with children and dogs Parking is a bit difficult on the weekends because of the crowds but the weather was good and the walk was refreshing and nice ,Positive,0.8532,Positive
282,5.0, There are a lot of dogs the scenery is beautiful and there are many cafes and restaurants nearby that you can go to but all of them are too crowded so I cant enter ,Positive,0.3506,Positive
283,5.0, nice park for a walk Its connected to the Han River so its good to go ,Positive,0.7165,Positive
284,5.0,"A park rather than a forest, but still a nice place to go for a peaceful wander. Lots of things to see, including the 'Invisible Giants' area, deer enclosure, etc. On a hot day the trees drop the temperature. There are toilets and cafes. Lots of seats which are placed in areas that will protect you from the sun, rain and snow.",Positive,0.8674,Positive
285,5.0,"OUr daughter took us here and it is one of her favourite places to enjoy some fresh air and greenery whilst she works in Seoul. Easy to walk around, lots to look at, we saw deer and lots of birds etc. Looks like a popular spot for locals.",Positive,0.9136,Positive
286,3.0,"Quiet, park-like ""forest"" in a mostly residential area, near to lots of nicer restaurants. 5-10 minute walk to the nearest subway stop. Some trails, benches and, of course, trees.",Negative,0.1779,Positive
287,4.0,Went on a weekend and it was packed. Most were locals probably due to Korea's relatively strict covid rules. Went during spring and there were some nice flowers. However it was way too crowded to enjoy nature properly. Coming during weekends would be a better choice.,Positive,0.836,Positive
288,5.0,"The park is big and has a good walk path, so it's convenient for taking a walk. There are many beautiful cafes around, and it's fun to visit them. Also, there are many trees. feel like one is in the woods of the city. It's a good place to come when you want to rest, and to come with anyone, your boyfriend, family or friends.",Positive,0.9578,Positive
289,5.0,"Love going to Seoul Forest. I have visited both during the spring, summer and fall. This past April, I went to see the sea of tulips and wasn‚Äôt disappointed, even during Corona Virus, the colorful tulips brought happiness and hope. But you can visit this place at any time and there will be some sort of flowers to enjoy. Peaceful for walks, picnics, dates, and activities for the whole family. I will definitely be back in the future. Lots of cafes and restaurants near by to enjoy.",Positive,0.9692,Positive
290,4.0,"Besides nicely paved lanes and beautiful scenery, the park has several amenities where you can enjoy your time with your friends and family, like the outdoor tennis and badminton courts. It's such a surprise to find a tranquil and peaceful park so full of green in the heart of the busy city. If you spend more than half an hour walking around, you can even get to Hangang River, which was a very enjoyable walk for me.",Positive,0.9729,Positive
291,5.0,"Vast park in the middle of Seoul. Nice place to relax a while after sightseeing. Also next to Under Stand Avenue, a nicely done shopping center made of container with some interesting restaurants and stores, a little more low key than common ground.",Positive,0.8476,Positive
292,4.0,"Seoul Forest is easily accessible by subway. Change at Wangsimni to go to Seoul Forest Station (K211). After exiting the toll-gate, there is a lift at the end of the floor to take you to the street level. Turn left and then right to enter Under Stand Ave. There is a good eating shop on your left. Cross the road to enter Seoul Forest. Last year, the autumn colours were stunning but because of the long summer and dryness this year the ginkgo and maple trees were somewhat disappointing. It is still a good place to walk.",Positive,0.533,Positive
293,3.0,"Huge garden with performances on some days, without which, there isn't much to see. A lot of green and few flowers when we visited in early October. I wouldn't recommend going out of your way to visit this place. There are more scenic nature walks closer to the city.",Negative,0.049,Neutral
294,5.0,"I went to Seoul forest to enjoy the weather with a friend. the place was really nice, we almost forgot that we were right in the center of Seoul. the weather was perfect and the leaves in the orange color of autumn were perfect. short a good time, I recommend this park.",Positive,0.9694,Positive
295,5.0,Wonderful place to spend a beautiful day. There are tons are walking paths and benches. The park is filled on the weekend. You can rent bikes and ride around the perimeter of the park. There is a lot of shade.,Positive,0.8225,Positive
296,5.0,"I visited Seoul and really enjoyed the time with my friends. We stayed in the capital for 2 nights and explored some famous sites there: Gyeongbokgung Palace, Bukchon Hanok Old Village, Seoul Stadium... shopping at Myeongdong was a must and tasted street foods there which would give us happy time for the trip.",Positive,0.8858,Positive
297,4.0,A great place to walk around and enjoy some space from the hustle and bustle of Seoul. A very child friendly environment.,Positive,0.8952,Positive
298,5.0,It's an oasis in Seoul. Walking in this park/mini forest really makes you think you're out in the country side. It's very relaxing and enjoyable. Many attraction for kids as well. Great for outdoor activities.,Positive,0.9419,Positive
299,5.0,"Came here for a walk with our toddler, and had lots of fun. A great big playground, a little corner with some water-themed equipment nearby. Deer feeding was prohibited, not sure if permanent or temporary... Large territory to explore with lots of pretty views and photo opportunities. Not sure it's a good option as a tourist destination, but if you want to spend some time with kids in a park and explore the territory, then it's the place to go.",Positive,0.6581,Positive
300,4.0,"There are 2 subway stations nearby the park. one is green line and the other is yellow if i'm not mistaken. I think the yellow line is nearer than the green line. This park is not so crowded, we came around 6.30 pm and had a great time enjoying cherry blossom.",Positive,0.8628,Positive
301,3.0,"We visited Seoul Forest early to feel the morning breeze since the temperature when we visited was still around 9deg. As the name implies, it is a big place. There are so many areas to visit but it takes a lot of walking to reach each part. And some directions won‚Äôt lead you to what is indicated. The only area we enjoyed most was the Tulip Garden where flowers are in bloom and in different happy colors. There are even cherry blossom trees in between. It felt refreshing and very calming. If you are a nature lover, you can try and visit Seoul Forest.",Negative,0.9676,Positive
302,4.0,"This was my second visit to Seoul Forest. I went on Saturday and I was surprised how many beautiful tulips there were still blooming at the tulip garden. The park was crowded, but it was still leisurely and I enjoyed my time. I will return in the fall for the foliage. Definitely, check this place out if you are looking to spend a leisurely day out. There are a lot of cafes and restaurants surrounding the park, as well some snack places on the premises.",Positive,0.9267,Positive
303,5.0,"C ( 19.04.23 ) I visited this park after lunch for walking. The park was well-managed and bigger than I think. I walked around in the park, there had many flowers, trees, and sculpture. There was good place to had relax time and to walk leisurely in Metro city. The smell and view of tulip was very good to me. Though this park was located near my office, but I didn't visit till one year past. I'll visited sometimes after lunch. Very good park in Seoul.",Positive,0.8271,Positive
304,5.0,"Early spring visit, where trees and flowers just started to blossom. This is one of the best parks I've ever visited.  Fresh air and cool breeze! I call it Forest in the middle of the city. üòçüòç",Positive,0.8439,Positive
305,3.0,"It‚Äôs still pretty cold in Seoul and the park was full of dead trees and grass. The winter chill has prevented anything from growing and no one but a few elderly were walking in the park. I trust the reviews of my fellow TripAdvisor users that this park is great during the warmer parts of the year.  The park has paid parking, and easy access from the subway station. Buses do also frequently stop at Seoul Forest. The restroom is cleaned regularly and well maintained.",Negative,0.9505,Positive
306,5.0,"If you're staying somewhere along Apkujung or Cheongdam, this park is just across the river on Seong-su bridge. Nice place to go for a run.",Positive,0.4215,Positive
307,5.0,I went in spring so it was really chill bring your mat and food to picnic and chill there! the cherry blossoms were in full bloom really just gorgeous !,Positive,0.7061,Positive
308,5.0,"In autumn, Seoul Forest becomes magical as the various trees change into yellow, orange and red. The weather is cool so it is more pleasant to walk around.The forest is easy to reach by the Seoul subway. At the Seoul Forest station, use the lift near Exit 3 to reach the ground level. Turn right and then left into Under Stand Avenue. I spent some hours in the forest, exploring the various parts. From the entrance, I kept to the right of the forest as the trees on that side were particularly colorful.The weather was cold, so the bird corner at the far right was empty. Then I turned back to the rear of the forest where the Ginkgo Road, under the afternoon sun, was absolutely absorbing. From there I passed under two bridges on my right to reach the Deer Corner (with spotted deer). Later I returned to the entrance, passing by the lake. I spent over 4 hours there, totally absorbed by its beauty in autumn. The forest is huge hence it is important to plan your walking route beforehand.",Positive,0.9348,Positive
309,5.0,"We enjoy walking in city parks and this one has sculptures, a deer consul, insect and butterfly gardens (although the latter sections are bare bones in October.) If you have children, there are some good play structures, slides and lots of free space to run around in.",Positive,0.8957,Positive
310,5.0,"This park is well managed and a great place to enjoy autumn of South Korea. If you want a silence from the busy city of Seoul, this place is where you should be. Check out pork BBQ shops nearby as well.",Positive,0.8957,Positive
311,4.0,"I really wanted to see a deer as I've never encountered one before. I went to the park and the weather was perfect. There were also children on a trip the day I visited. We fed the deer via a vending machine that sold food for the deer and I honestly enjoyed this experience.  For a tourist though I can understand that this isn't something everyone would enjoy. My mother didn't even bother coming with me as she found it 'boring' but I really enjoy long walks and just sitting down, people watching.",Positive,0.9085,Positive
312,3.0,"This is a park and not really a forest as the name suggested. There are many areas to sit around and have picnic, This is a park where locals will go and have their week end family picnic or gathering. Nothing much for the tourists.",Negative,0.0,Neutral
313,5.0,"Beautiful park to go to, if you have time visit this place for sure. you forget that you are in a city when you walk there",Positive,0.6486,Positive
314,5.0,"I went in early October. The trees beginning to change colour from green to orange. Very relaxing, beautiful and calming.",Positive,0.8852,Positive
315,4.0,"I always enjoy getting out into fresh air and be amongst trees. Worth the train travel to reach this lovely spot. Walking paths good. Relax and rejuvenate with the peaceful surroundings. A few deer in an enclosure sure to delight. You can walk all the way to the main Han River with great views of city. Basic cafe on site, but you can bring your own food and enjoy anywhere in the park area. We loved our visit.",Positive,0.9783,Positive
316,4.0,"If you look for the place for picnic and bicycle around eastern area of Seoul, this is the proper place to go. You can rent a bicycle or can bring yours. It‚Äôs good for walk and have rest throughout the day.",Positive,0.4404,Positive
317,4.0,"Lovely park with fun slides and play areas for kids, interesting areas like the deer corral and insect rooms, and lots of lovely greenery. Some of the signage had us looping around trying to get to certain areas and I ended up having to use GPS map to get to some parts.",Positive,0.9618,Positive
318,5.0,"This is a very large park in Seoul. People who live in Seoul come and rest here. Many family visitors. It's not bad for tourists. But, there's nothing fantastic.  - The entrance from the east seems to be main gate with a parking lot. 10~15 min walk from Seoul Forest Metro Station(Bundang Line). - Huge park. Bicycle rental is recommended to take a look quickly. Ttareungi(Seoul Bike) is much cheaper than bike rental shops. - Tourists may have enough fun when there's an event like a concert. - Snack bar on the west is not cheap. They have good snacks like squids, potatoes, sausages, etc., though. - There are rabbit farms, carp ponds, deer farms, butterfly farms, greenhouse, etc.",Positive,0.9516,Positive
319,5.0,"This park was lovely, with beautiful greenery, landscaping as well as architecture. Managed to take some nice shots. Wasn‚Äôt too crowded on a Tuesday morning. Worth a visit.",Positive,0.926,Positive
320,5.0,"Went Seoul for an incentive trip and got a half day free on the last day. So I decided to go Seoul Forest to see butterflies. I went there by taxi and walked around in the large park, finally got into the butterfly garden. I‚Äôve already able to see a lot of butterflies outside the butterfly garden. It‚Äôs a good experience to learn ecological in other countries",Positive,0.8271,Positive
321,4.0,"It is a very modest place where mostly elders go to exercise. There are also deers that you can feed by buying their food from a vending machine. There is also a piano for the public that anyone can use. However, you will not find much activities to do especially during the weekends.",Positive,0.0,Neutral
322,2.0,"There's just nothing much to do here and a whole lot of bugs. There is, however, a public piano, if you can play",Negative,0.34,Positive
323,5.0,lovely place especially when its hot. lots of places to cool down rest and enjoy the sound of trees. Allow atleast 4 hours to find all there is ...and there is loads for children and adults to enjoy,Positive,0.9246,Positive
324,4.0,"This park is vast, quiet and has a few interesting gardens such as butterfly, insect and deer garden. My kid has a good time there.",Positive,0.6808,Positive
325,5.0,"Espeasialy in aoutumn very lovely views with the color full of the treas , if there is wind you can see the leaves fill down like a rain oh i love it.",Positive,0.8955,Positive
326,5.0,"We went to Seoul Forest on a Sunday morning. It was accessible by subway, and there were many families with young children in the park playground and strolling around. The place was clean and well maintained, and there were bikes and four wheelers available for rent. We rented a few although they were quite pricey, and we had an hour of fun biking around the huge park. The weather was cloudy and cool, perfect for playing on the lawn. We brought along a frisbee and inflatable ball, and had a great time playing together. There were also cafes and restaurants nearby and we had lunch there. We walked to the Deer enclosure to view the deers, but the feed for the animals were already sold out by the time we reach (around 3pm). Nonetheless, we had a great day at Seoul Forest and it is a great place for a family outing.",Positive,0.975,Positive
327,4.0,"I enjoyed walking around Seoul Forest. It was my first time visiting and I was surprised to see how big it was yet so easily accessible. Lots of paths to walk on and spaces to rest in the shade. There are plenty of benches, picnic tables and common sitting areas. Many people were also enjoying their picnic on the grass. A nice place for a family day or just for anyone who wishes to be in the nature in the midst of the city. With all the different trees, I think it will be lovely there in the fall.",Positive,0.9579,Positive
328,4.0,"It was raining during my visit so there were no many visitors. The place is not difficult to find but it is advisable to research for it on internet before you go. From the Seoul Forest metro station, there is a lift that takes you to the ground level. From the lift exit turn right and then left into the "" Under Stand Avenue"", a short street with shops built from metal containers. If you are hungry there is a noodle shop with reasonable prices. Once in the forest, you can find the cherry blossom road on the left. The cherry blossom trees are large and they flower in early April.",Positive,-0.0456,Neutral
329,4.0,"The place is serene. If you want to relax, exercise and take great photos, this park is one of the many places to be in Seoul. I would love to go biking someday around this beautiful place. Went there before spring comes to full bloom, but it was still gorgeous.",Positive,0.9482,Positive
330,5.0,"A must see place if you have time in Seoul. The place is good for picnics and families to enjoy the spring weather and greenery. Further in, you can see deers and rabbits etc in the park. The cherry blossom trees lined the entire stretch inside which was beautiful. Great place for photos.",Positive,0.9337,Positive
331,3.0,"Ok to walk through and some sanctuary from the hustle and bustle of the city There are deer to look at as well. They are in an enclosure, but they come up to the fence. You can buy deer food for 1000 won from a vending machine. However when we went (close to sunset) the vending machine was closed for the day.",Negative,0.802,Positive
332,4.0,Came here for spring and it was a great sight as the park is lined with alot of flowers. Park is quite big and didn't manage to explore around. Best to go in the morning before it gets too crowded.  Defn recommended for those that likes to go for a stroll or a walk. Located near to subway station - Seoul Forest- .,Positive,0.9169,Positive
333,5.0,"I took a walk through Seoul Forest in February. Despite most of the plants being brown and dormant for the winter, I enjoyed the quiet and the design of the park. I can only imagine how much more wonderful it would be in the warmer months. With all of the activity in a busy city like Seoul, this park offers a moment to walk, talk, think, and rest before heading of to the next activity. In winter, go at least to take a walk. In the warmer months, plan to stay awhile longer and sit or play.",Positive,0.9392,Positive
334,5.0,We went there for a quick walk on the last day of our trip. Seoul forest is located pretty much in city center and is easily accessible. It was very nice to walk around the park in a peaceful quite atmosphere.,Positive,0.8977,Positive
335,5.0,Wow ! In a busy city it‚Äôs a wonderful getaway. We really enjoyed the peaceful atmosphere of the forest in a city. I highly recommend it.,Positive,0.9561,Positive
336,5.0,"Very nice big park. Lots of space for a picnic now the weather turns warmer as well. If you like deer, make sure to go see them. The ""understand avenue"" is also worth a visit if looking for a nice beer or handmade goods.",Positive,0.9347,Positive
337,3.0,"It is very clean, with beautiful artworks installed here and there. However being a Russian I could not call it a forest... For forest is something massive, at least when you cannot see the end of the forest upon entering. Seoul forest is sort of park to me, a tiny island of nature - I would say.",Negative,0.7996,Positive
338,5.0,"Seoul Forest is underrated but it‚Äôs my favourite place in South Korea especially because we went there on the middle of Autumn. It was beautiful and just provides you all the romantic ‚Äîor otherwise dramatic‚Äî ambiance. With all the trees wearing different colours. Besides the deer park, my favourite place is the small stadium with a piano at the center. Make sure you practice your piano pieces before going here. It will be a memory you‚Äôll definitely keep.",Positive,0.9468,Positive
339,4.0,"I took the train here - very easy and cheap. Train station is only a 5 min walk to park. This park is very large, I probably spent 2 hours walking around it taking pictures. There are pretty birds; trees; art sculptures everywhere; deer corral; insect exhibit and tropical garden centre and more. Give yourself time, perhaps pack a lunch (though lots of good cafes around) and enjoy the space. I was happy I went (tskuem station on line 2 is what you want for the park)",Positive,0.9476,Positive
340,5.0,"Actually, we expected more from that place but it's still really cute. You can have a walk there with your partner/family/friends/dog, etc. It's convenient and it gives some calm even though it's in Seoul",Positive,0.8121,Positive
341,5.0,"Beautiful park, great place for the kids to run around and exercise. They have very unusual playground equipment, wonderful stuff I've seen no where else. The insect garden was cool and we all loved feeding the deer. Easy to get to by the metro.",Positive,0.9618,Positive
342,3.0,My friend took me to Seoul Forest and we spent half a day there. It was a huge park and there were deers.,Negative,0.6705,Positive
343,5.0,"you cannot go wrong with a trip here! if youre in s. korea, and within an hour or so drive... youll not be disappointed in any way! i would have driven 2-3 hours to see this beaute'",Positive,0.69,Positive
344,5.0,Seoul Forest is a beautiful spot in the middle of the city. I visited in November and the weather was perfect. The cool temperatures coupled with the autumn leaves made it one of my favourite spots in Seoul. Be sure to bring a camera to take lots of pictures. There is also a shipping container shopping center near by.,Positive,0.9042,Positive
345,4.0,I would definitely go back there.. One of my favorite place in korea.. too cold but that's fine i enjoyed the romantic ambiance of the place‚ù§Ô∏è,Positive,0.9194,Positive
346,5.0,"I have been to Seoul Forest several times and it's been relaxing and refreshing every time. It can get pretty busy on the weekends, but still not too bad when compared to other parks in Seoul.  pro tip: cherry blossoms are amazing here, best in Seoul (imo)! However, you have to walk across tukseom and gosanja intersection to get to them.",Positive,0.9651,Positive
347,3.0,"Seoul forest which is 5min walk via Seoul metro (seoul forest station, Bundang line) is located close to the city. On approaching the park, there was a communal city veggie farm. It is free entry into the park and bicycles can be rented near the entrance.  This large park which can be seen from Namsan Tower, housed Seoul's first water purification plant. The purification plant which is still active can be visited in the park. In addition to the purification plant, there were other attractions such as the Cultural Art park, butterflies and insect garden (there was a rabbit pen close to the butterfly garden), deer feeding at the Ecology forest or just strolling through the park.  There are several convenience stores in the park selling snacks, coffee, ice cream, etc. Toilet and washroom facilities also available.",Negative,0.8316,Positive
348,4.0,"Great place for a change of scenery! The forest isn't that big, but it is full of at least an hours worth of things to look at! I was there in June and the weather in Seoul was hot and very humid but, the trees in the forest provided a lot of shade.",Positive,0.6688,Positive
349,5.0,"In front of my house It's very lucky to have this kind of park near my house with Metro station, easy to access to Gangnam and City center. bicycle rental available",Positive,0.7178,Positive
350,4.0,I always visited there when i‚Äôm in Seoul. There is such a calm place in a big city. It is a good place to take a rest. I can enjoyed my autumn with colorful leaves. I will go back again and again.,Positive,0.8176,Positive
351,5.0,There is a food truck area upon the station exit. You get to visit here during autumn season for the ginko leaves.,Positive,0.0,Neutral
352,5.0,"One of the nicer places to visit in Spring or Autumn for its cherry blossom or fall folliage in Seoul. Visited there in Autumn and wasn‚Äôt disappointed at all. It‚Äôs like forest bathing, you get to soak in nature and spend some relaxing time in the forest. Great for families, couples and even solo travelers to visit!",Positive,0.8718,Positive
353,5.0,"Trees flower etc.  You can feed the deer and enjoy leisure walking.  Not crowded, you can enjoy the view.",Positive,0.7506,Positive
354,5.0,Some amazing colours here. Pinks and reds. Had a wondeful walk around. Can feed the deers or just sit and think. Fresh air and clean nature.  Highly recommend this. It's wonderful.  Seoul forest metro station. See if you can find the black cat that lives here.  Decent snack bar too. Had the fried potatoes,Positive,0.9359,Positive
355,3.0,"This was on my list of places to see to complete my 'I've seen most of Seoul' list. While it was a pleasant afternoon I would have said the park was a bit of an anti-climax. If you live in Seoul it would probably provide a great opportunity to get back to nature, but as an Australian it was like many of our 'parks'.",Negative,0.8338,Positive
356,5.0,"Not comparable to Bukhansan, but nice for a day trip, if you have time to spare. I loved the atmosphere change and the good time. Worth it.",Positive,0.9455,Positive
357,3.0,"We went there with 2 other families, together there are 6 children and 6 adults. My younger daughter enjoyed the cycling. However, I find that the bicycle was not very stable. One of the other kids had fallen off the bicycle when riding.  But in the forest there is a big playground which the kids enjoyed very much. They also enjoyed seeing the deer.  We saw a lot of locals having picnic which I can understand why subsequently as there is not much eating places.",Negative,0.8673,Positive
358,5.0,Big forest. Good weather makes this the perfect place to relax. The location isn't best but is a healthy environment for families and also couples,Positive,0.7661,Positive
359,5.0,"A lovely bike ride around the park. Seoul Forest is hugeee! If u skateboard, there's also a skatepark with ramps and halfpipes.",Positive,0.6239,Positive
360,5.0,"This is a great park for visitors of all ages to enjoy the outdoors for free. The Seoul Forest park has 5 distinct sections and is too large to see all of it in one day. There are nice, wide paths for walkers and bicyclists. We found the park to be extremely clean and well-landscaped. Bring your camera and a picnic lunch! There is also an impressive schedule of concerts and performances to see at various venues throughout the park if you like to plan in advance. We like to go simply for nature walks and find something new to do at each visit. One of our favorite discoveries was a large observation area where visitors can see different types of deer up close.",Positive,0.9798,Positive
361,3.0,the forest is clean but not so much to see except feel the good breeze of the air and so good to travel on spring season,Negative,0.8608,Positive
362,2.0,"Disappointed by the 'forest' that was really an urban park. The eco wetlands were disappointing- just a little patch of water with a wooden boardwalk through it. It's a large area with different themes- there's a sports area, picnic areas, eco areas.... Wasn't what I was expecting!",Negative,-0.7644,Negative
363,5.0,"Nice place to take a stroll, feed some deer, look at the Han River, and go on a picnic among the grass, trees, and water.",Positive,0.4215,Positive
364,4.0,"Nice park suitable for whole family have picnic at here. The park is very big, also have some animal you can see. Go there at the sunset almost can see the good view. And can spend one whole day in there. If you have time, this is the good choice to go to enjoy this relax place.",Positive,0.9346,Positive
365,5.0,This is a large area of paths and trees in the middle of Seoul. Having visited in February there wasn't as much happening as there would be at other times of the year and the trees and fauna was dormant. However I would love to see it in the spring. The area was very peaceful although we could hear the traffic in the background. We saw the deer through the fence but the corral wasn't open when we went.,Positive,0.5922,Positive
366,4.0,It's a very nice & big garden in the middle city of Seoul. You can enjoy morning walk or evening walk. A lot of nice things to look around. You will see a stunning view during the autumn .... colorful leaves. Enjoy your day with some nice books here.,Positive,0.9537,Positive
367,5.0,"Very big park / forest in Seoul. You can feed deers, talk around. It's just like a forest, but you do get urban and traffic noise. A must go. One of the few green attractions in Seoul.",Positive,0.6652,Positive
368,5.0,"This was very nice to find in the huge city of Seoul. A nice peaceful place, not just another mega shopping mall. We enjoyed our visit in October 2016. We walked through the forest and enjoyed the fall trees, though they were just starting to turn. We really enjoyed feeding the deer. The butterfly house only had one species of butterfly so that was a bit disappointing. The forest is easy to get to using the subway. Weather was warm enough to just wear a t-shirt with a sweater over top. Ideal for all ages. There are play areas on site for those with children.",Positive,0.9814,Positive
369,5.0,"Located in the outskirt of town, this forest is a great place to wind down and stroll amongst nature. It provides great landscape for photographs too. The park features a butterfly garden, deer enclosure (you can feed them too if you purchase the feed at the vending machine for 1000 Won). There are birds flying around. There are water features which works on a season with rainfall. The forest also connects to Hangang Park and river view.  Follow the map to enjoy a great stroll. Bundang (yellow) train line. Seoul Forest. Entrance of forest is at the back of the carpark.",Positive,0.9477,Positive
370,5.0,"Seoul has a forest? Yes and it's wonderful. Enjoyed our walk, fed the deer, went to the museum. It was great!",Positive,0.9336,Positive
371,5.0,"The Seoul Forest amidst the hustle and bustle of the city is a surprise. The well-planned eco forest is a must do for adults and kids. The play area is innovative, the deer park also serves as a good attraction. But the best part of the forest is the walk among the foliage and the bridge which takes you from forest to harbour front. I loved the planning, the thinking and the cleanliness of the place.",Positive,0.9601,Positive
372,5.0,"It was autumn when we visited this place. Never expect that it was so beautiful and peaceful. It's even more beautiful than Nami Island. There were only few people or tourists in this park and that's what I love about it. If you want to feel the autumn vibes in Seoul, this is a must visit place with so many autumn trees in different colors.",Positive,0.9635,Positive
373,5.0,"It felt a bit weird to be in a lush garden with high rise office buildings in the background, but this place is well worth a visit to chill out and take a break from the city. Aside from various gardens and forests, there is also an insect display and butterfly garden. There is also a convenience store on site. The forest is easily accessed via Seoul Forest subway station. There are tours that will take you here but it isn‚Äôt necessary to be on a tour. Entry to most areas is free and there are plenty of signs to help find your way around.",Positive,0.9446,Positive
374,3.0,"The day was cold, cloudy and miserable so our time here could have been much better. This is basically a nature zoo with a selection of exhibits to view, rides and activities for kids/teens and picnic areas mixed in with walks, gardens and small shops. A better day would have made us stay longer, but 2 hours was enough for me. The autumn colours were beautiful and the area well kept, clean and easy to navigate. Sunny weather would definitely provide a more positive adventure.",Negative,0.9874,Positive
375,5.0,Promenaders would like trot around the park. They also can visit small park of deers. Han river side walking trail is very nice to enjoy scenic river view.,Positive,0.8425,Positive
376,4.0,"Step away from the city for some peace and quiet. Rent a bike or tricycle. Check out the deer and ecopark. Walk, sit, play, relax. Enjoy.",Positive,0.9001,Positive
377,5.0,"It is a chance to see the natural side of Seoul but there can be mosquitoes so take your cream/spray with you. You can feed deers and have a picnic. Also there is really beautiful disabled-friendly children's park, insect museum etc.",Positive,0.8418,Positive
378,5.0,Had a blast with my wife and two daughters. Spend two 2.5 hours there. A wonderful relaxing environment!,Positive,0.8016,Positive
379,5.0,"So serene and beautiful. Lots of things for children. Check out the splash pad, the deer park, bike rentals and the playgrounds! There's a million things to do here. Great date activity and great day with the kiddos.",Positive,0.9513,Positive
380,5.0,So beautiful and peaceful. Great for anyone. Nice. Great walk. I think it is an amazing experience!!!!!!!! Just great!,Positive,0.983,Positive
381,4.0,Great place to go with kids. There are deer to observe and a nice playground. Very easy to reach and quiet.,Positive,0.8874,Positive
382,5.0,"Seoul park is the perfect getaway from the busy city of Seoul. The park has everything one needs for a perfect getaway. Great for picnic, meditation, naps, biking, strolling, and even deer watching.",Positive,0.91,Positive
383,5.0,"Seoul forest is such a wonderful place. Lots to see and do. I couldn't quite believe the walk-in butterfly house was free entry as it is well maintained and a wonderful experience. Butterflies are free to fly around you so not for those afraid of bugs (some butterflies are quite big and there are a few dragonflies too). There is also a deer feeding area where you can buy deer food from the vending machine which costs 1000 won. Seoul forest is quite a large area so if you want to explore it all, get those walking shoes on! Definitely worth a visit and is a cheap day out.",Positive,0.9757,Positive
384,5.0,Went with the kids for the afternoon. Was able to rent a bicycle with only a driver's licence. There are enough activities to keep kids occupied for a few hours including feeding deers a park for children and a water playground.,Positive,0.0,Neutral
385,5.0,A good walk Get out and walk~ the only thing that ruined it for me was the noisy kids otherwise it was a beautiful Forest it's like you left the city of Seoul ~,Positive,0.6705,Positive
386,5.0,"We visited the 'forest' as Seoul was our third stop on a trip around cities in the Far East and wanted a break from the business of the built-up city areas. The forest is more of a park than a forest but still was well worth visiting. We spent most of an afternoon here, walking the park and discovering hidden areas (small animal area, deer retreat, children's park, statue park, etc). The cafe overlooking the lake with fountains was peaceful and we happily sat with a drink and ice cream here for over an hour. We found somewhere to rent bikes by the hour (all sizes, and tandems!) for a reasonable price, and although we didn't use the facilities there were tennis and badminton courts. Overall was a great way to get out of the city and also away from touristy areas for an afternoon - would definitely recommend to someone looking for the same, particularly in summer.",Positive,0.9827,Positive
387,5.0,"Seoul Forest is an amazing place to visit on a sunny day. Plenty of paths to walk, flowers in bloom and seats to sit on under the trees. The Butterfly Garden and Insect House are great, even for those without children. The Deer Corral is also good, with a vending machine out the front where you can buy food to feed them for only 1000 won.",Positive,0.9538,Positive
388,5.0,"This is the second time I came. I rented the two-seater pedal cart from two different shop. The one with the heart-shape plate is cheaper with hourly rental of 12,000 KRW but requires passport deposit in 2013, The other shop's rental for one hour is 16,000 KRW with no ID deposit but they gave my child a water guy toy after I returned the cart. We always pedal to the deer park to feed the deers who will basically licked the feed off your palm. Just be careful as there's a gentle slope on the final stretch near the deer park as it's quite crowded. Remember the brake when going down the slope. There's an eco playground, sand playground, lots of nice modern statues in the park. Both parents and children will enjoy the park.",Positive,0.899,Positive
389,5.0,"Away from most traffic noise, Seoul Forest is a fantastic way to spend a couple of hours to stroll around and be with nature. I was there in April and the paths were lined with rows and rows of cherry blossom trees. The crowd was manageable when I visited on a Saturday. A lot of people were riding bikes and feeding the deer. There is a small corner for bunnies and a butterfly enclosure too. I think it will be great to visit during the autumn as well.",Positive,0.8689,Positive
390,5.0,"If you want to avoid the crowd in Yeouido Island, Seoul Forest is the best place to go. You can peacefully walk around and take pictures without getting photobombed. I think the best place to visit Seoul Forest is during spring time.",Positive,0.8979,Positive
391,5.0,"This is probably one of my favourite areas in Seoul. I hope it‚Äôs not going to be inundated with people the next time I visit. The place is huge and it takes a long time to really cover all of it. Unfortunately, by the time we arrived almost all of the cherry blossoms were gone :( But we still managed to take photos of really nice flowers and just the general scenery which is beautiful. It was pretty chilly when we were there but it was a comfortable walk around the park. A lovely place to gather with friends and have picnics. Will be back here again next time!",Positive,0.9846,Positive
392,5.0,"I went when it was still a bit too early for the cherry blossom season. But this is a really spacious park! You can rent a bike from bikeseoul.com, with 1,000won for an hour of cycling (I think), and I recommend you sort it out before reaching Seoul Forest Station. Directly in front of the exit is a row of green and white bikes which you can rent. You do not need to be a citizen of Korea to use the system, and all of them have baskets and gears.  I thoroughly enjoyed stretching my legs, feeding the deer, and watching the bunnies. I did not have time to explore the entirety of the park, so I recommend at least 3 hours if you are the adventurous sort.",Positive,0.9515,Positive
393,5.0,"Seoul Forest is a lovely getaway from the hustle of Seoul. Note that there is some construction activity near the subway so you might need to walk for a bit before you head to the entrance. Same goes when you are exiting too.  There's an information centre from where we picked a map. Headed towards the deer park but got distracted by the lovely sakura and the insect house enroute. There's a deer food machine just a wee bit away from the deer park. The deer looked much bigger than expected and be wary of the aggressive ones which are all too happy to grab the paper cup from your hands whilst you are feeding them.  There are different parks within Seoul Forest so we then headed towards the open area where people were sitting on picnic mats and enjoying themselves. There's eateries at a mall near the skating park at Gate 3 so if you haven't bought anything to eat with you, you can head there. There's also a eating joint (but unfortunately all in Korean) near the waterside area.  We spent a lovely half day here. Highly recommended.",Positive,0.9637,Positive
394,4.0,"It's a nice park with playground, a place to see and feed the deer.  we bought Gimbak before going to Seoul forest, and have our lunch there.  didnt see eateries around. good to bring food or snack if bring small children (esp after they finish playing at playground).  playground to deer is about 20 mins slow walk.",Positive,0.7579,Positive
395,5.0,"We recently went to Seoul Forest when we were in Seoul for a vacation last Dec. And we did not regret the decision at all.  The journey there is pretty straightforward.. There is a station ""Seoul Forest"" on the Bandung line.. from the station, just follow the signs to the park..  NOTE : when we were there last Dec, there was a major construction going on in the front of the park..  The park is very big and it is free to enter.. the only cost needed is the deer feed for the lovely deers... i think it is about W100 per cup of feed...  Make sure you have enough time for the nice scenery, playground and to visit the deers.. the deers are at the far end of the park from the Train Station.. so factor in the timing needed to walk there...  There is also a playground in the park where my son had great fun..  All in, this is a very nice place to relax and see some lovely deers..  NOTE 2: there was a van @ the entrance selling Churros made fresh and fried on the spot... if you see the van, buy some and enjoy.. very nice and cheap....",Positive,0.9877,Positive
396,4.0,"I would recommend to visit Seoul Forest if you want to take a break from busy city life. It is quieter compared to Hangang park, and more suitable for a picnic under the trees. It is best to visit during Spring and Autumn. You can take a bus and subway from Apgujeong area, easy to get to as well.",Positive,0.9001,Positive
397,5.0,"Fantastic family spot for days with pretty weather. There is a small skate park, many cycling lanes (bring your own or rent a bike or buggy), in the summer, little kids can play in the water feature and there is a chaging room. There are some animals down on the far end and a couple of different playgrounds. No entrance fee makes it even more an amazing deal. Bring the kids and a small sun tent and relax for the whole day. Bring a picnic or have something delivered right to your picnic spot!",Positive,0.9326,Positive
398,5.0,"This place is amazing. It doesn't feel like you are in the middle of a thumping big city. A green space with artwork, grassy banks, trees and flowers, paths to walk and ride on, a deer park, bridges, fountains and a lake. This is a lovely destination for a picnic on a sunny day and easily accessible by public transport.",Positive,0.8931,Positive
399,5.0,"It is easy to get caught up in the excitement of Seoul, but Seoul Forest offers a wonderful break in the action and a chance to breath, relax and soak up some natural beauty. This is an extensive park that includes lovely walks, natural surroundings, educational exhibits such as a butterfly garden (particularly fun during a winter visit) and deer park where you can feed the deer. Restrooms and snack bars abound. Easy to get to on the metro, too. For our family, Seoul Forest was a bit of a hidden gem that we found only because the palaces were closed for New Years and we wanted something to do...but you can seek it out as a destination. I know we will the next time we visit Seoul.",Positive,0.9916,Positive
400,4.0,"We went on a Monday so it was very quiet, not many people around. I enjoyed feeding the deer the food I purchased for 1000won from the vending machine",Positive,0.5106,Positive
401,4.0,"It's a great park! Many surprises within! Away from the hustle & bustle of the city. Initially, I thought 1.5-2 hours should well be enough, but I spent around 3h inside! The park is full of autumn colors! The disappointing part is the Hangang River, as it's filled with the traffic noise. It's free admission, and you can get a free map from the Information counter near the entrance. It's a good free attraction!",Positive,0.9739,Positive
402,5.0,Seoul Forest is a great place to relax. You can have a picnic and enjoy nature while still being in Seoul.,Positive,0.8807,Positive
403,5.0,"Seoul Forest is easy to get to by metro. There are a total of 5 parks & 16 exits/entrance. You can get the guide map at the exit/entrance. We were at Seoul Forest around 12.30 pm at the end Oct and therefore could only cover mainly Park 1 & Deer Corral of Park 2. We had our lunch at one of the cafeterias in it.  During this autumn season, we took many photos of the awesome autumn colors especially at Forest Path (Park 1). We saw families and students enjoying time together at the family yard, Sculpture Park and Mirror Lake too (Park 1). We are nature lovers, so naturally we enjoyed our leisure walk appreciating the fresh air, clean and peaceful environment in Seoul Forest. We will visit again on our next trip to Seoul.",Positive,0.9808,Positive
404,5.0,So happy when my friend said he bring to Seoul Forest. After only 30min driving and still being in town : he said we arrived ! Huh ! Yes yes Seoul forest is simply a big park in town. So do not think being in the middle of a forest...just in the middle of the city. However....I have to admit this is a beautiful park. Long path to walk or jog. Places to seat or pic-nic. Perfect place for fresh temperature in summer.,Positive,0.9747,Positive
405,4.0,My friend suggested we went to a no-so-touristy spot in Seoul and early in the morning we started our trip to Seoul Forest by metro and we were there for a few hours walking around and taking photos. There is a deer park in Seoul Forest.,Positive,0.4939,Positive
406,4.0,"Butterfly garden was wonderful. Overall, the forest/park is great for a walk, bicycle ride or a lazy lunch/brunch. Great atmosphere.",Positive,0.886,Positive
407,4.0,This is a pretty good sized park which is great for families to take their children to. During the summer kids can get wet in the fountains as they shoot up and come down at various moments. Take them to the large playground with two long slides that they would love. You can find a lot of bike paths for couples and parents to ride along or you can play catch on of the two big areas of grass (one path is even lined with apple trees!).There are plenty of places to relax and many people even bring their tents. If you get bored you can see some unique modern art on the grass or check out the fish and waterfowl in the lake as well. The only downside is that it's a very popular place and it gets very crowded on weekends.,Positive,0.9622,Positive
408,4.0,"It's a lovely park either to walk or to cycle. It's less crowded on week days. If cycling, you can get there via the cycling path along the Han River and through an underpass (it's indicated although a bit hidden). There are several attractions: the deer enclosure is probably the most popular among visitors. But there's also an insectarium and a butterfly conservatory, as well as a convenience store, tennis courts, playgrounds and lots of green areas for picnicking. The forest is public and admission is free.",Positive,0.909,Positive
409,4.0,This is a lovely park to walk around in. The playgrounds are fun. There is a little stream to walk in to cool off. The only thing is we went on a Monday and a lot of the attractions were closed like feeding the deer and the butterflies.,Positive,0.9287,Positive
410,5.0,Visited the park few times but the best time to visit (based on my expirience) is during the famous cherry blossom....it was sooo nice there. But the park is really nice to visit all year long :),Positive,0.9595,Positive
411,5.0,We cycled here via Hangang. The place is so pretty with cherry blossom petals falling from their trees. Sadly the ecological forest is only open in summer and winter so we didn't get to see the deers. Great place for strolling and cycling. There is also an inline skating rink.,Positive,0.7019,Positive
412,5.0,It was awesome! Great place to cool off in the fountains and walk in the shaded areas... The butterflies were magnificent!!! In love with the forest!!,Positive,0.9673,Positive
413,3.0,I would say this is an average park. It is nice for a stroll. There are bunnies & deer in a caged area to feed. Feed is available from a vending machine for a fee. A nice size pond is on site for beautiful views. There are a few different playgrounds if you have children. There is also a butterfly garden on site. Over all I would say this is a nice place for a picnic and to just get out of the house/hotel. a great place to let the kids run and play.  Visited April 2014,Negative,0.9571,Positive
414,4.0,"I've been to the Seoul forest plenty of times. During the different seasons too. Because I come from a tropical climate, the seasonal changes are intriguing to me. The forest is easy to get to, (Seoul forest station) and it is HUGEEEE. There are multiple walking paths you can choose from and there are signs along the way. I usually just walk to the deer enclosure. And then I turn back it's a short route. But plenty of nice views for the eyes.  There isn't much food around. Heck I don't recall seeing any. So be sure to get some snacks and water from the convenient store at the train station before heading into the forest.  Also the forest is actually a FOREST. It's near the road so you can hear cars passing by. And there are concrete walking paths and a lot of bathrooms.",Positive,0.8409,Positive
415,3.0,"We found it to be rather average. It was nice, but nothing out of the ordinary. If you are nearby, it's a nice park to go relax and walk around. However, we found nothing special to warrant the travel time to get to it if you're a bit further away.",Negative,0.7624,Positive
416,5.0,"It's pretty small, but there's lots of little things to do, like a splash zone and outside exercise machines. This would be a great place for a family with young kids because there's an awesome park (see attached photo for one part of it). It's also just a nice place to go if you want a relaxing place for a picnic. There's low-to-the-ground wooden tables that are great to sit on and stop for a bite. Overall, a very well-designed, small park if you want to relax for a few hours during your vacation.",Positive,0.9884,Positive
417,1.0,"Yes it's has nature and would be a good visit during spring and autumn. But let's face it: highly overrated. Good for a simple sit out but nothing that special or not even lots of nature around, unlike even central park in new York.",Negative,0.6346,Positive
418,3.0,It was not like a forest. Just a park. But you can rent bicycles and ride along the river banks of Hangang River.,Negative,-0.1419,Negative
419,4.0,"We dscovered Seoul Forest about 6 years ago when our children were quite young and it has remained a firm summer favourite. There is plenty to keep kids busy for a few hours from climbing frames and slides, feeding of the deer, followed by a cool off in the play fountains (don't forget your bathers). Now that our kids are getting bigger, we take bikes and cycle from the park to the river. There are toilets and fast food. The car park can get full quickly so be prepared to queue.",Positive,0.7611,Positive
420,5.0,"We went here in November so the surroundings are orange-gi. A perfect place to rest and avoid the city noise. It's kinda big and you need hours..... We had a lot of pictures here.  I love nature, so I really enjoyed a lot. I want to visit the forest again in Spring and see the beauty of ""green"" Seoul Forest. There is a little flower garden which the flowers are in full bloom of yellow and purple.  A perfect place to relax and have a walk with your friends, family or with your someone special. One of the places that I would really love to visit again.",Positive,0.9856,Positive
421,4.0,"This place is my favorite place to relax in Seoul. With a big patch of green you can lie down on the grass and chill out kids play on bikes and families have fun. It's also large enough that it's not often overcrowded. The other attractions aren't all that like the butterfly garden. Don't come for that. Bring a ball or badminton rackets, your favorite book and chill out here.",Positive,0.9359,Positive
422,4.0,"I visited the forest, which is really more of a park, with my girlfriend on an overcast, autumn/fall afternoon. We had a walk around in the cool weather and loved it. The colours were amazing. The forest also has an insect house, filled with butterflies, other exotic insects, some peculiar-looking fish, as well as a few large tortoises. Overall, despite the oft-termed 'miserable' weather, we really enjoyed it for the purpose it served: a peaceful, quiet experience. They forest also has deer which you are allowed to feed with park-sanctioned food from a dispenser.",Positive,0.9577,Positive
423,4.0,"the place I like best is the playground where the very long slide is installed. Many kids line up to go down the slide and it's really fun and exciting. After you have fun at this playground with your kids, you go to the wide lawn for eating your lunchbox. And then you look around the forest. If you want to participate in activity performed in the park, you can book it via seoul forest website in advance. It's going to be fun and a good memory for your kids.",Positive,0.9754,Positive
424,3.0,"Seoul Forest is a nice park in the center of Seoul, with a nice environment. The park is big enough to make you forget that you're in the city. Nice playground for kids. However, although clean overall, it wasn't as maintained as other parks I visited. Also lacked cafes, restaurants shops or other ""great"" attractions to make this a ""must-go"" destination. I'd recommend visiting Seoul Dream Forest instead.",Negative,0.9382,Positive
425,3.0,I had a free morning before meetings and decided to check out Seoul Forest. It recevied great reviews and seemed promising. It was a let down. Perhaps it wasn't the right time of year (I visited in mid-October). It didn't seem that well taken care of. There were some flower beds still in bloom. I didn't think it was particularly that big after being told it would take a 1/2 day to do. Perhaps if you do all the extra stuff such as the butterfly garden and children's activities. I went early in the morning before10am so none of the buildings were open yet. It is easy to find. Take the B (orange line) to the Seoul Forest stop. Follow the signs in the metro for the Seoul Forest exit (Exit 3). When you come up from the metro just walk straight a block and you'll see a giant white sign for Seoul Forest.  If you have free time and want to wonder around a bit outdoors it's not a bad place however don't expect to escape the hustle and bustle noises of Seoul. The park is surronded by busy roadways so you'll still hear traffic all throughout the park. Maybe wear your headphones with some nature sounds to really try to escape.  Hope the summer time would be a better experience.,Negative,0.9698,Positive
426,5.0,"This would be an excellent place for kids to hang out. Playgrounds and ecoforest where they get to feed the deers. Excellent weather for visit in autumn. Free entrance and children can easily spend half a day without getting bored.  The train station ""Seoul Forest"", on the Bundang line, is the nearest station to this place. Once out of the station, turn right and walk ahead. For some reason, this is not showing on Google map. This 5 min walk away from Seoul Forest, compared to the recommended Ttukseom station, which is a 15 min walk away.",Positive,0.9404,Positive
427,4.0,"Location: easily reach by bus or underground. (center part of Seoul, beside the Han River) Good Complex: with children facilities, jogging paths, wetland, animals and biking paths beside the Han River. There are also some cafe and convenient store in the park.",Positive,0.6597,Positive
428,4.0,"Seoul forest is like an oasis in the city. It is a nice place to walk around and relax, but nothing much to do around there. If you are with your date or family, that is a nice place, but not for casual tourism. They have some playgrounds as well.",Positive,0.8427,Positive
429,5.0,"This place is really peaceful especially on weekdays because not to many people come here on weekdays so this place is not really crowded.  Also, you can have a picnic which suitable not only for a couple but also family or friends. Don't worry about the space to have a picnic because this place is quite big so you can choose where to have picnic either.  If you like to take photos, then you come to the right place because the scenery here is really amazing. Come in wrong season? Don't worry... There are still a lot of spots with great views that are not related with the season, such as the stream, pond, etc.  So, take a visit to this place will be a right decision if you want to have a picnic or just have a city escape with your partners.",Positive,0.9732,Positive
430,5.0,"We spent a full day at the Seoul forest. There is so much to do for children from play area to cycling to feeding the deer, rabbit,Guinea pigs, fishes. Spread across a huge area so be prepared for lots of walking. Not many food options so bring your picnic basket. Sculpture park is interesting and the huge playground is lovely to laze.",Positive,0.9284,Positive
431,4.0,"The Seoul Forest is easy to go to - I took the line 2 train, went down at Wangsimni station and changed to the Bundang line. The Seoul Forest station was 1 station away.  It's a very good place for walking and spring blooms-hunting. When I came mid-April, most of the cherry blossoms already fell off the ground but there were other nice spring blooms in the forest.",Positive,0.7748,Positive
432,4.0,"We came to the forest and rented some bikes for the afternoon. It was fun to bike around and see the forest, lake and statues. It is quite far from the city center, we took the subway there then a taxi. There are playgrounds for children and it is surprising change from the rest of the loud, crowded city. There are lots of areas for picnics or just quietly relaxing.",Positive,0.8225,Positive
433,4.0,"I am so glad I found out about Seoul Forest. It's a big place with lots of things to do even in winter. There are 5 different parks. There is an enclosure for deers and they will come to the edge of the fence to eat from your hand. (There is a machine near the enclosure where food for the deer can be purchased.) There is a place where they displayed insects, an echo forest and most important lots of place for the children to run and enjoy the fresh air. As we were there in winter some of their attraction was not open like the splash fountain but my children still had lots of fun building snowman, sledding and having snowball fights. Coming from a tropical urban city, this was definitely one of the highlights of the trip.  The great thing is it is really convenient to get there. Take the subway to Ttukseom station (line 2). Exit via exit 8 and walk about 15 minutes. There are even directions in English. Another great thing - it's free!",Positive,0.9841,Positive
434,5.0,"I am amazed that i am the first one to comment on this hidden jewel, yeah maybe its a little far from seoul but it was a perfect place to get away. Ride the yellow line train and its clearly marked to get to the Seoul Forest. The landscaping is really good and there are many things to see and do inside the forest. You can rent a bike, there is a butterfly area where you can actually go inside and the live butterflies are fluttering all around.. its free?? Great place to take pictures, if you are into flowers then you should go during the spring and summer but i prefer the fall when the mosquitoes are under control. There are clear maps to see and there are certain sections of the park labled so you can choose your interest. There is a place that you can buy food to feed the deer.. great chance for kids to see and feed the deer and they are always hungry. There is a bridge section that allows you to walk from the park all the way to the Han River. Its a great place to grab an ice cream and walk around with friends or families. Plan on spending some time just to go to every part of the park and you can even continue on and walk around the Han River. Good place to picnic and take pictures. The best part is... its free??? Enjoy",Positive,0.9977,Positive
