,이름,별점,리뷰,날짜
0,김종우,4,매우좋았어요,a day ago
1,Anon H,5,,a day ago
2,초코민트,5,"(Translated by Google) Although Boramae Park is a large park, it is well maintained and clean and tidy. Unlike other parks, Boramae Park has a lot of places to visit with different themes. And unlike other parks, Boramae Park has a lot of trees, so you can rest comfortably regardless of the four seasons because there are shades and shelters anywhere.  (Original) 보라매공원은 규모가 큰 공원인데도 관리가 잘 되어 있어서 깨끗하고 청결합니다. 보라매공원은 다른 공원과 다르게 여러가지 테마별로 구경할 곳도 많아요. 그리고 보라매공원은 다른 공원과 다르게 나무가 많아서 편하게 쉴 수 있는 그늘과 쉼터가 어디든지 있어서 4계절 관계 없이 편하게 쉴 수 있는 보라매공원 이에요.",a day ago
3,이띠용,4,(Translated by Google) I like that the light is soft even at night.  (Original) 밤에도 불이 은은해서 좋아요,2 days ago
4,바바리안,5,,2 days ago
5,이영수,2,,3 days ago
6,이희숙,5,"(Translated by Google) If you step on loess soil, you exercise.  (Original) 황토흙을밟으면.운동.하고.왔어요^^",3 days ago
7,이광철,5,,3 days ago
8,아서포,4,"(Translated by Google) It is the largest park in the southwestern part of Seoul, and it is a good place to take a rest because there is a lake park or a track in the middle.  (Original) 서울 서남부 최대규모 공원으로 한바퀴만 돌아도 운동 뚝딱이고 중간에 호수공원이나 트랙도 있어서 정말 쉬어가기 좋은곳 입니다~",4 days ago
9,Ji Hong Kim,5,,4 days ago
10,# KwonGGongchi,5,(Translated by Google) I went for a walk after a long time It was good ^________^ b  (Original) 오랜만에 갔는데 산책하기 좋았어요 ^________^ b,6 days ago
11,신현준,5,"(Translated by Google) The weather was drowsy today, so I fell asleep while walking~  (Original) 오늘은 날씨도 졸아서 걷기 졸았습니다~",6 days ago
12,minnn sik,5,(Translated by Google) It's a good place for a walk  (Original) 산책하기 좋은곳이에여,a week ago
13,문경숙한국무용학교수,4,,a week ago
14,심영,5,"(Translated by Google) In summer, the central fountain is like a water park.  (Original) 여름에 중앙분수대가 워터파크급입니다 다만 정각부터 30분 운영하니 방문 참조하세요",a week ago
15,여성무향,3,(Translated by Google) 10 Billion Shop One Day Seminar  (Original) 백억샵 원데이세미나 참석,a week ago
16,이시우༼ʘ̅͜ʘ̅༽,5,(Translated by Google) It was fun and I liked riding the bike.  (Original) 재밌었고자전거탈때가좋왔어요.,a week ago
17,박준형,4,,a week ago
18,달려라로지,5,"(Translated by Google) There is a track in the park, so it looked good for running~ There are a lot of people in the evening :) I like to take a walk  (Original) 공원에 트랙이 있어서 러닝하기 좋아보였어요~ 저녁시간대엔 사람들이 많은 편입니다:) 산책하기 좋아요~",a week ago
19,홍성해,3,,a week ago
20,Julia Min,5,(Translated by Google) The water playground floor fountain is cool!  (Original) 물놀이터 바닥분수 시원해요!,2 weeks ago
21,엄민용,5,,2 weeks ago
22,배추몬,5,(Translated by Google) run joe  22.04.19 Boramae Hospital entrance is almost finished  22.07.28 Ttareung occurs in front of Boramae Hospital  (Original) 달리기죠음  22.04.19 보라매 병원 입구쪽 공사가 거의 끝나감  22.07.28 보라매병원 앞에 따릉이 생김,3 weeks ago
23,정혜윤,5,(Translated by Google) children like to play in the water  (Original) 아이들이 물놀이 좋아해요,3 weeks ago
24,김숙경,5,,3 weeks ago
25,전유찬,5,,3 weeks ago
26,sunghoon kim,5,(Translated by Google) great place to exercise  (Original) 운동하기 좋은 곳,3 weeks ago
27,신종갑,5,,3 weeks ago
28,Seong Min Yun,5,(Translated by Google) It is a place that makes you feel lost while taking a leisurely stroll no matter the weather.  (Original) 날씨가 어떻든 가볍게 산책하면서 잃어버린 여유를 느끼게 해주는곳입니다,3 weeks ago
29,Bo Ram Lee,5,,3 weeks ago
30,박의정,4,,4 weeks ago
31,마리네뜨,5,(Translated by Google) I think it's one of the best parks  (Original) 공원중에 최고라고 생각합니다,4 weeks ago
32,김희엽,4,,a month ago
33,전까꿍,5,"(Translated by Google) It is a big park located in Sindaebang-dong and great for families with weekends. And at night, there are a lot of sports people walking or running in a circle around the park's central lawn. And many people take a walk with their dogs. There is also a pond, so it's a great place for lovers. I don't think there's a park that's so spacious and well-equipped nearby. Not only Dongjak-gu but also Gwanak-gu residents seem to use it well. There are hospitals and department stores nearby.  (Original) 신대방동에 위치한 큰 공원이고 주말 낮에 가족들과 즐기기에 참 좋습니다. 그리고 밤에는 운동하는 사람들이 공원 중앙 잔디밭을 원으로 걷거나 뛰는 사람들이 아주 많습니다. 그리고 강아지들과 산책을 하는 사람들도 많습니다. 연못도 있어서 연인들의 데이트 장소로도 좋아요. 주변에서 이정도로 넓고 시설이 좋은 공원은 없을 것 같네요. 동작구 뿐 아니라 관악구 주민들도 잘 이용하는 것 같고 도림천 자전거길과도 연결되어 자전거 타는 분들도 한번쯤 지나가곤 합니다. 주변에 병원과 백화점이 자리잡고 있어요.",a month ago
34,한정윤,5,(Translated by Google) good luck  (Original) 공윈좋음,a month ago
35,이영아,3,,a month ago
36,지메계정,5,,a month ago
37,김성수,5,,a month ago
38,이미은,5,(Translated by Google) good for a walk  (Original) 산책하기 좋아요,a month ago
39,유석윤,4,,a month ago
40,김이삭,5,,a month ago
41,김기범,5,"(Translated by Google) In the summer, elementary school children’s water play is the best  (Original) 여름엔  초딩  유딩들물놀이최고",a month ago
42,스스스,5,"(Translated by Google) It is difficult to find a park as pretty as Boramae Park. The cherry blossoms in spring, especially at night, are the highlight! It is sad that many people noticed the hidden beauty of Boramae Park, and as a local resident, I really recommend it. After several years of continuous maintenance work, it has recently become a prettier and more convenient resting place. Sports facilities such as tennis, badminton, and soccer are also of a high standard.  (Original) 보라매공원 만큼의 예쁜 공원을 찾기는 어렵습니다. 특히 밤에 볼 수 있는 봄 벚꽃이 압권이에요! 숨겨져있던 보라매공원의 예쁜 모습을 많은 분들이 눈치채셔서 인근 동네 주민으로서 슬프긴 하지만, 정말 추천합니다. 몇년간 계속 정비공사를 하면서 최근엔 더 예뻐지고 편리한 휴식처가 되었습니다~~ 아이들과 산책하기에도 좋고 혼자서 운동하거나 러닝하는 분들도 많아요. 테니스나 배드민턴, 축구처럼 체육시설도 수준높게 갖춰져있습니다.",a month ago
43,Byoung Woon Choi,4,(Translated by Google) I really like to exercise and go for a walk  (Original) 운동과 산책하기가 정말 좋아요,a month ago
44,찐쫑TV,5,(Translated by Google) It's a great place to stay with your family  (Original) 가족과 함께 하기 좋은 장소입니다,a month ago
45,박준희 (iJuns),5,,a month ago
46,이경미,5,,a month ago
47,Jongho Park,4,,a month ago
48,늘천천히.조금식.꾸준히,3,"와이파이는 금년말에 된다하고, 공원이라 숲이라 벌레가 좀 있지만 좋아요",a month ago
49,김재근,4,,a month ago
50,정하윤,1,,a month ago
51,김경수,5,awesome park!!,a month ago
52,박성호,4,(Translated by Google) It was only recently that I found out that this position used to be the seat of the Air Force Academy.  (Original) 이 자리가 과거에 공군사관학교 자리였다는 것을 최근에야 알았다.,a month ago
53,yam yam,5,(Translated by Google) good  (Original) 좋음,a month ago
54,Creator Zune,5,,a month ago
55,이환철,5,,2 months ago
56,정주형,3,,2 months ago
57,상미못,3,,2 months ago
58,HS SHIM,5,산책좋고 운동하기 좋아요,2 months ago
59,n mi,3,,2 months ago
60,김용복 (파울로),4,,2 months ago
61,권태현,1,,2 months ago
62,박진성,5,,2 months ago
63,E-JAM PiNO R.,5,"경전철이 보라매공원 안에서 입구가 바로 연결 되게 만들었네요. 공원안에 다양한 테마 파트가 나뉘어져 있는데 우리나라에서 큰 공원의 규모에 비할 수는 없겠지만 작지도 그렇게 크지도 않은 보라매공원엔 없는것이 없는 캐릭터들이 공존합니다. 보라매만의 비행기존과 분수호수, 한복판에 달리기트랙, 사이사이에 배드민턴존, 애견놀이터, 맨손운동존, 황토,집압존, 숲체험존, 식물재배존, 에어로빅존 등 너무나 알차게 구성된 테마존들이 재밌고 오래된 울창한 나무들이 메타쉐콰이어가로수길처럼 조성되어 있어 너무나 좋은 공원이라고 생각하고 칭찬합니다.",2 months ago
64,Charles S.,5,,2 months ago
65,박종호,5,,2 months ago
66,고봄니,5,(Translated by Google) I like to picnic  (Original) 피크닉하기 좋아용,2 months ago
67,mom love tv,4,"(Translated by Google) Suitable for cycling, walking and meeting friends outdoors  (Original) Thích hợp đạp xe , tản bộ và gặp gỡ bạn bè ngoài trời",2 months ago
68,김경조,5,(Translated by Google) toilet clean playground is good  (Original) 화장실 깨끗함 운동장이 잘되있음,2 months ago
69,SeungChul Lee,5,"(Translated by Google) trail dog playground extreme sports There are many convenience facilities such as basketball court, rock climbing court, etc. It's also a good date course for families or dating. Sillim Line Boramae Park Station, Boramae Hospital Station, etc. Good access to public transport.  (Original) 산책로 강아지놀이터 익스트림 스포츠 농구장 암벽등반장 등등 편의시설이 많고, 가족단위나 연얘중 데이트 코스로도 좋음. 신림선 보라매공원역 보라매병원역 등등 대중교통 접근성이 좋음.",2 months ago
70,장영석,4,,2 months ago
71,최용태,4,,2 months ago
72,타짜1398동준,5,,2 months ago
73,Suchan Kim,5,,2 months ago
74,Todd,5,(Translated by Google) The lake is the same. my memories are fading away  (Original) 호수는 그대로인데 내 추억은 사라져 가네,2 months ago
75,Jiyong Bak,5,too crowded,2 months ago
76,Jeff Kwon,5,(Translated by Google) A large park in the city center.  (Original) 도심속 넓은 공원.,2 months ago
77,임영화,5,,2 months ago
78,양영득,3,,3 months ago
79,피닉스 (피닉스),5,(Translated by Google) Very good  (Original) 아주 좋아요,3 months ago
80,Mark Lee,3,,3 months ago
81,JunHyung Park,5,"(Translated by Google) A place to take a walk every day It is a place where you can clearly see the four seasons, so you won't get tired of going every day for 10 years.  (Original) 매일 산책하는곳 사계절이 뚜렷이 보이는 곳이라 10년을 매일같이와도 질리지않아요",3 months ago
82,엠알에쓰제이,5,"(Translated by Google) It's always good, but every time I go there is a construction work~^^ I wish it was over  (Original) 항상 좋죠 근데 갈때마다 공사를 하네요~^^ 얼른 끝났으면",3 months ago
83,김영훈,5,"(Translated by Google) As a city park, environment and transportation, Atmosphere is very good  (Original) 도심공원으로 환경과교통, 분위기가매우 좋음",3 months ago
84,우종호,5,,3 months ago
85,김병훈,4,,3 months ago
86,신다희,5,(Translated by Google) It's great to have a park like this in the neighborhood.  (Original) 동네에 이런 공원이 있어 아주 좋아요 ㅎㅎ,3 months ago
87,알렉 Alec J,4,(Translated by Google) I was surprised that the park was bigger than I thought.  (Original) 공원이 생각보다 커서 놀랐어요,3 months ago
88,강보경,5,,3 months ago
89,Ki Su Kim,5,"(Translated by Google) It is a place where you can exercise while relaxing because it has a large space, good facilities for exercise, and easy access as it is close to the subway station.  (Original) 넓은 공간과 운동할 수 있는 좋은 시설, 전철역과 가까워 접근성이 좋아서 편하게 쉬면서 운동을 할 수 있는 곳입니다.",3 months ago
90,Hyeon Gil Yoon,5,(Translated by Google) I love Boramae Park. There is a lake and it is good for exercise.  (Original) 보라매공원 참 좋다. 호수도 있고 운동 하기도 좋음.,3 months ago
91,이재현,4,,3 months ago
92,Frank lee,5,(Translated by Google) I'm going to exercise  (Original) 운동하러갑니다,3 months ago
93,Youngeun Lee,3,"(Translated by Google) It's under construction, so it's a bit boring and there's not enough space to rest.  (Original) 공사중이라 좀 심난하고 쉴 곳이 부족해요",3 months ago
94,이효정,5,,3 months ago
95,김은영,5,,3 months ago
96,Zzz Zzz,5,,3 months ago
97,Martin Jun,5,,3 months ago
98,양용석,4,,3 months ago
99,EUNJOUNG SHIM,5,"(Translated by Google) I go to Boramae Park from time to time because I can walk on flat ground, but this time it was so pretty because of the spring vibes.  (Original) 보라매공원은 평지를 걸을 수 있어 가끔 가지만 이번엔 봄기운이 완연해서 넘 예뻤어요.",3 months ago
100,서상태,5,"(Translated by Google) #boramaepark Located in Gwanak, Dongjak-gu, Seoul This is where the Air Force Academy was stationed from 1958 to 1985. It symbolizes a burning desire and will to soar high in the sky. This is the place where Boramae's dreams were nurtured before moving to a new base in order to soar to a higher and wider place. After the Air Force Academy relocated, it was turned into a park.  #Holy Stage (Tower) It's on the west side of the park. Established on December 10, 1985.  #boramae tower It is located at the east gate of the park. At the top of the tower, it is shaped like a purple hawk about to fly. Beneath it is embossed gold text saying, Boramae is a falcon that is used for hunting by catching and taming young that are less than a year old.  #anti-communist anti-communist student loyalty tower It's on the lake side. It is a monument to the martyred students who died to protect their country, national freedom and independence, and freedom and nationalism.  #Korean Students National Founding Movement Public Expenses It is next to the Chunghon Tower. There are handwritings for the unification of South and North Korea (former President Syngman Rhee) and the National Security Agency (provisional government President Kim Gu).  #Praise of delivery culture It is a work based on the source of heaven and earth in Mt. Baekdu. It is said that the Munhwa Ilbo donated it to Seoul on April 15, 2002.  #Barimae Safety Experience Center The Seoul Fire and Disaster Headquarters is operating various experience programs to cope with various disasters.  #Youth Charter Equipment It's on the west side.  #Bronze statue of martyr Maria Kim It is located in the square in front of the City Youth Center.  In addition, there are Nambu Elderly Welfare Center in Seoul and Boramae Hospital in Seoul.  You can take a break around the lake formed in the shape of a map of our country, and there is the Air Force Boramae Beopdang, which was built for cadets. The Meteorological Agency is also located here.  (Original) #보라매공원 서울시  관악, 동작구 소재 이곳은 1958년부터 1985년까지 공군사관학교가 주둔하였던 곳이다. 하늘 높이 숫아 오르는 뜨거운 염원과 의지를 상징한다. 더 높고 넓은 곳으로 날아오르기 위하여 새 기지로 옮겨 가기전 보라매의 꿈을 기르던 곳이다. 공군사관학교가 이전한 후 공원화되었다.  #성무대(탑) 공원 서문쪽에 있다. 1985년 12월 10일 세워다.  #보라매  탑 공원 동문에 있다. 탑 정상에 보라매가 날으려는 형상이다. 그 아래에  충효 호국비상 이라는 금색글이 양각돼 있다. 보라매는 난지 1년이 체 안 되는 새끼를 잡아 길들여 사냥에 쓰는 매를 보라매라 한다.  #반탁 반공 순국학생 충혼탑 호수공원 쪽에  있다. 조국과 민족자유와 독립, 그리고 자유와 민족주의를 지키기 위해 산화한 순국학생들의 기념비다.  #한국학생건국운동공적비 충혼탑  옆에 있다. 남북통일(전 대통령 이승만), 진충보국(임시정부 주석 김 구)의 글씨가 있다.  #배달문화의 예찬 백두산 천지와 대지의 근원으로 한 작품이다. 문화일보에서 서울시에 2002. 4.15 기증하였다고 한다.(견사진)  #보리매 안전체험관 각종 재난에 대처할수 있는 다양한 체험 프로그램을 서울시 소방재난 본부에서 운영하고 있다.  #청소년 헌장비 서문쪽에 있다.  #순국열사 김마리아 선생동상 시립 청소년 센터 앞 광장에  있다.  이외 서울시립 남부장아인 복지관, 서울특별시 보라매병원 등이 있다.  우리 나라 지도 모양으로 조성된 호수를 중심으로 휴식을 취할 수있고, 사관생도를 위해 세워진 공군 보라매법당이 있다. 기상청도 이곳에 있다.",3 months ago
101,최규현,4,,3 months ago
102,조태원영상,5,,3 months ago
103,deb3012,5,"Came here yesterday 18th April 2022 and the double cherry blossoms already full bloomed. So pretty. From Boramae Station exit 2 you can walk for maybe 10 minutes depend on your speed. When you find the main entrance, just walk inside, keep going until you find the air park after the tennis court. I didnt have time to walk around this big park, but someone said that if there are too many people here at the air park, just walk again than you can find another double cherry blossoms tree. PS: this park is just next to Korean Meteorogical Administration, well if you were a fan of Forecasting Love and Weather, maybe you wonder how this place really looks like although I think we cant just enter the building.",3 months ago
104,이현수,4,,4 months ago
105,독산동스나이퍼,5,(Translated by Google) Pressure  (Original) 발지압짱,4 months ago
106,Trần Thị Xiêm,5,(Translated by Google) The double cherry blossoms are pretty. hehe  (Original) 겹벚꽃 이뻐요. ㅎㅎ,4 months ago
107,Kim Dishwalla,5,,4 months ago
108,이런뭐시고,3,"(Translated by Google) In early spring, if you step on the grass, they all die. If you don't go into the flower bed and take a picture of the flowers outside, will you die? Are they Chinese... The park is very dense and pretty, but even if it's a little bit of nature, it's always frowned upon because of the ugly humans who trample on them with their insignificant and obscene desires.  (Original) 초봄에 잔디 밟으면 다 죽는데, 화단 좀 안 들어가고 밖에서 꽃 사진 찍으면 죽냐? 중국인들인가… 공원은 참 오밀조밀하고 이쁜데, 조금 있는 자연이나마 자신들의 하찮고 추잡스러운 욕망으로 짓밟아 대는 추잡스런 인간들 때문에, 항상 눈쌀이 찌푸려지는 공원.",4 months ago
109,임꺽정,5,"(Translated by Google) It is optimal for walking exercise. If you do not run along the track of the playground, but rather wide, it takes about 15 minutes to make a full circle. It takes 1 hour to do four rounds.  (Original) 걷기운동에 최적입니다. 운동장 트랙따라 돌지말고 넓게 돌면 한바퀴 도는데 15분정도 걸립니다.  네바퀴돌면 1시간입니다.",4 months ago
110,yuri na,5,(Translated by Google) Joya Yu  (Original) 조아유,4 months ago
111,Taehoon Kim,5,,4 months ago
112,윤민지,5,,4 months ago
113,얌냠쩝쩝뽈롱뽈땍네,5,,4 months ago
114,최승규,5,,4 months ago
115,Brus Lee,5,(Translated by Google) This is a well-maintained city park. There are public restrooms and they are well equipped.  (Original) 관리가 잘되고 있는 도심속 공원입니다. 공중화장실도 있고 시설이 잘 되어 있는편입니다.,4 months ago
116,오민경선무 금릉1,5,"(Translated by Google) A small, spacious park with many uses Chunghyo Tower, Playground, Running Track, Convenience Store, Music Fountain, Rock Climbing, Soccer Field, Gateball, Foot Acupressure Road, Dog Playground, Badminton Court, etc.  These days, I can't see mothers doing aerobics together.  The full bread you buy at the entrance is really delicious. A better place to go when the weather is nice  (Original) 작은 듯 넓고 이것 저것 여러 용도가 많은 공원 충효탑, 놀이터, 러닝트랙, 편의점, 음악분수, 암벽등반, 축구장, 게이트볼, 발지압길, 강아지 놀이터, 배드민턴장 등등  요즘은 모여서 에어로빅 하시는 어머님들을 볼 수가 없다  입구에서 사먹는 풀빵이 정말 맛나고 날씨 좋을 때 가면 더 좋은 곳",4 months ago
117,강성숙,5,"(Translated by Google) It's right in front of the house, so there's a lot of places to rest.  (Original) 집앞이라서쉴곳도 많아서 좋아요",4 months ago
118,ABESO NDJUGU,4,,4 months ago
119,박길이,5,,4 months ago
120,Sangbum KIM,5,(Translated by Google) 600m for one round of the track!!! Best place for running  (Original) 트랙 한바퀴에 600m!!! 러닝 하기에 최적의 장소,5 months ago
121,선대호,5,,5 months ago
122,전천수,1,,5 months ago
123,날다오리,4,,5 months ago
124,소소,5,(Translated by Google) good  (Original) 굿,5 months ago
125,이남영,4,(Translated by Google) I went to the Anti-Trust Anti-Communist Martyrdom Student Loyalty Tower. In commemoration and commemoration of the activities and achievements of Professor Cheolseung Lee during his lifetime.  (Original) 반탁반공순국학생충혼탑 에 갔다왔음. 이철승선생의 생전 활동과 업적에 추모하고 기념하였음.,5 months ago
126,작은리뷰,5,(Translated by Google) I'm going to run  (Original) 달리러 갑니다~,5 months ago
127,김종호,5,(Translated by Google) walk  (Original) 산책,5 months ago
128,배영일,5,,5 months ago
129,조인형,4,"(Translated by Google) It's a good place to fly a kite  (Original) 연날리기 좋은장소입니다,,",5 months ago
130,성동진,4,,5 months ago
131,무린아,5,(Translated by Google) music fountain. working ground. exercise place. walk... # 1 lap of the large playground (fast walk takes 7 minutes)  (Original) 음악분수. 워킹 그라운드. 운동장소. 산책... # 대운동장 1바퀴(빠른걸음 7분 소요),5 months ago
132,고준영,5,(Translated by Google) red-bellied hawk  (Original) 붉은배새매,5 months ago
133,박명종,5,,5 months ago
134,YongMyoung Kwon,4,"(Translated by Google) A well-known resting place and playground However, I hope that the construction will be completed sooner.  (Original) 누구나 잘 아시는 휴식처이자  운동장 다만, 공사가 좀 더 일찍 마무리 되기를 바랍니다",6 months ago
135,고희진,5,(Translated by Google) So good. Walking and flower viewing  (Original) 너무 좋아요. 걷기와 꽃구경,6 months ago
136,서성원,5,(Translated by Google) It is a park that is used a lot by the locals. Exercise.  (Original) 주민들이 많이 이용하는 공원입니다. 운동하세요.,6 months ago
137,조규환,5,"(Translated by Google) Pleasant and clean environment, hard walking exercise  (Original) 쾌적하고  청결한 환경  열심히  걷기운동모습",6 months ago
138,Shinobu Satoh,5,,6 months ago
139,김명자,4,(Translated by Google) Very beautiful park  (Original) 很美的公园,6 months ago
140,이명준,4,"(Translated by Google) It's a place I go to often, but it's good for exercise.  (Original) 자주가는 곳인데 운동하기 좋네요.",6 months ago
141,김수홍 (埃佛勒斯),3,(Translated by Google) It was spacious and open.  (Original) 넓고 탁 트였어요.,6 months ago
142,JuYeon Park,5,(Translated by Google) Even for coffee even for walking even to think too good for bruising love park  (Original) 커피마시기에도 걷기에도 생각하기에도 멍때리기에도 너무 좋은 애정하는 파크,6 months ago
143,동구리,5,(Translated by Google) There is also an area dedicated to dogs. like  (Original) 강아지 전용 공간도 있네요. 좋아요,6 months ago
144,精粋,5,(Translated by Google) The wide track is great for walking. There is an air park.  (Original) 넓은 트랙이 있어 산책하기에 좋다. 에어파크가 있다.,6 months ago
145,Alma Anwar,5,Oh my god this place is really beautiful,6 months ago
146,비밀이오,5,,7 months ago
147,김진형,5,,7 months ago
148,이중희,5,(Translated by Google) Cheongsol Jakmyungcheol Academy  (Original) 청솔작명철학원,7 months ago
149,권혁준,5,"(Translated by Google) Park landscaping that does not bow down to Seoul Forest. Perfect infrastructure for nearby hospitals, shopping malls, and department stores  (Original) 서울숲에 꿇리지 않는 공원조경. 주변 병원, 상가, 백화점 인프라 완벽",7 months ago
150,이경수,5,(Translated by Google) good for a walk  (Original) 산책하기 좋아요,7 months ago
151,안기현,5,(Translated by Google) Clean and lots to see  (Original) 깨끗하고 볼거리도 많다,7 months ago
152,Matthew Park,4,,7 months ago
153,이민혜,5,(Translated by Google) A good place to take a walk and feel the four seasons  (Original) 산책하기 좋고 사계절 느끼기 참 좋은 곳^^,7 months ago
154,한수빈,5,(Translated by Google) It's a blessing to have a park like this close to home.  (Original) 이만한 공원이 집 주변에 있다는 것은 꽤 축복받은 일이랄까요..,8 months ago
155,뇌절,4,,8 months ago
156,Hanchul Ahn,4,There are a lot of people who do exercise on the track everytime. The track is divided faster one and slow. This park is good for family picnic on weekends.,8 months ago
157,꿈의파랑새,5,(Translated by Google) walk. It's a good place for everyone to relax.  (Original) 산책. 휴식 모두가 좋은 장소입니닺,8 months ago
158,송현욱,5,"(Translated by Google) There is a fountain and there is a walking course, so you can take a walk. I watched a fighter.  (Original) 분수대있고 산책코스도있어서 산책하고 전투기 구경좀했어요",8 months ago
159,김석용,4,,8 months ago
160,권석목,5,,8 months ago
161,김지훈,5,,8 months ago
162,김민지,5,(Translated by Google) It's nice to have a big park :)  (Original) 공원이 넓어서 좋습니다:),8 months ago
163,두리윤,5,(Translated by Google) place to rest  (Original) 휴식이 되는곳,8 months ago
164,jane jin,5,(Translated by Google) best  (Original) 최고,8 months ago
165,김태영,5,,9 months ago
166,moonsung kang,5,"(Translated by Google) It's spacious and everything is nice, but there are so many people that it doesn't seem like a corona crisis.  (Original) 넓고 다 좋은데 코로너 시국 아닌듯할정도로 사람이 많음",9 months ago
167,EUNJAE YOO,5,,9 months ago
168,박변,5,,9 months ago
169,강해용,5,(Translated by Google) fall side joy  (Original) 낙옆 이쁨,9 months ago
170,원세연,5,,9 months ago
171,Transparent LED film display,5,,9 months ago
172,거북이,5,,9 months ago
173,지범철,3,(Translated by Google) like  (Original) 좋아요,9 months ago
174,이정진,4,(Translated by Google) Nice park feel in the city center Cons: Too many people  (Original) 도심속에 공원느낌 좋음 단점 사람 개많음,9 months ago
175,한지훈 (한문),5,,9 months ago
176,조종칠,5,,9 months ago
177,youngjoon lee,5,"(Translated by Google) A good park to take a walk around... Since it is so large, it is equipped with various sports facilities and dog facilities.  (Original) 한바퀴 산책하기좋은 공원...워낙 규모가 있다보니 각종 체육시설, 애견시설도 갖추고 있습니다.",9 months ago
178,hye-rim lee,4,(Translated by Google) A nice park to take a walk in. You can feel the atmosphere of the season.  (Original) 산책하기좋은공원..계절의정취를물씬느낄수있어요,9 months ago
179,한민국,4,,9 months ago
180,이민옥,5,,9 months ago
181,peter Lee,4,"(Translated by Google) This historic park is loved by many as a resting place in the city center because of its many cute and dense trees. However, caution is required for those who walk with their dogs and those who exercise on bicycles in the park. Please refrain from behaviors that are disrespectful to others and thoroughly manage your dog's hygiene and defecation.  (Original) 이 역사깊은 공원은, 아기자기하면서 울창한 나무들이 많아 많은 이들의 도심속 휴식처로 사랑을 받고 있는곳이다. 하지만, 공원내에서 개와 함께 산책하는 이들과 자전거로 운동하는 이들의 주의가 요구된다. 다른 사람에게 실례가 되는 행동들을 자제하고 애견의 위생과 배변처리등을 철저히 관리하였으면 하고 바란다.",9 months ago
182,꾸니의하루,4,(Translated by Google) Exercising. Walking is good.  (Original) 운동.산책  하기예는 좋아요,9 months ago
183,Seonho Park,5,,9 months ago
184,전재원,4,,9 months ago
185,ハー,4,,9 months ago
186,구선모,3,(Translated by Google) The weather was nice and the children were able to run around and play.  (Original) 날씨도 좋았고 아이들이 뛰어놀수 있어서 좋아요^^,9 months ago
187,Sereyvattana Tonn,5,,9 months ago
188,한광희,5,,9 months ago
189,Sunny Jo,5,"(Translated by Google) It is good to take a leisurely walk to change the mood for exercise. It's not like Central Park in New York, but it's nice to have a park this size in the city center.  (Original) 운동삼아 기분전환 삼아 편하게 산책하기 좋습니다. 뉴욕의 센트럴파크만킁은 아니지만 도심에 이 정도 크기의 공원이 있어 좋네요",9 months ago
190,노태훈,5,,9 months ago
191,인생후진열차,5,,9 months ago
192,이쮸TV,5,,9 months ago
193,최수영,3,,9 months ago
194,0h Young Kwon,5,,9 months ago
195,jaehys,5,"(Translated by Google) On the lawn, talking with family members and resting comfortably  (Original) 잔디밭에서 오손도손 가족끼리 얘기나누고 편하게 쉬다 옴",9 months ago
196,최희윤,5,(Translated by Google) Playground inline music fountain is the best  (Original) 놀이터 인라인 음악분수 최고예요,9 months ago
197,루벤,5,(Translated by Google) romance  (Original) 낭만,9 months ago
198,hj c,4,,10 months ago
199,jonghyeon oh,5,,10 months ago
200,강종무,4,(Translated by Google) The park is spacious and offers a variety of attractions.  (Original) 공원이 넓고 다양한 볼거리가 있습니다.,10 months ago
201,장문수,4,(Translated by Google) Exercise  (Original) 운동,10 months ago
202,lot_ so,5,,10 months ago
203,정팽긴,5,,10 months ago
204,와이드Wide,5,(Translated by Google) A date with a close friend where the green always goes.  (Original) 항상 초록이 곱풀태 가는곳 가까운 친구와 데이트 ㅋ,10 months ago
205,바오밥,5,(Translated by Google) it's delicious  (Original) 맛있어요,10 months ago
206,ML J,5,,10 months ago
207,V 2,5,"(Translated by Google) Typical park to have many in the city center It will be difficult because there is no land, but I wish there were more  (Original) 도심에 많이 있었으면 하는 전형적인 공원 땅이 없어 힘들겠지만 더 많아졌으면 함",10 months ago
208,이경미,3,,10 months ago
209,김종일,5,,10 months ago
210,Taeho Yang,4,,10 months ago
211,어명남,4,,10 months ago
212,권기종,5,,10 months ago
213,허채현,5,,10 months ago
214,김시나시나,5,"(Translated by Google) It's a neighborhood, so I go for river walks and healing walks. There are many restaurants.  (Original) 동네라서 강쥐산책, 힐링산책 많이 감 ㅋㅋ 맛집도 많음",10 months ago
215,채신영,5,,10 months ago
216,이온숙,5,(Translated by Google) It's good to exercise and you can see the music fountain in the evening~~  (Original) 운동하기 좋고 저녁에는 음악분수도 볼수있어요~~,10 months ago
217,mucha hambre,4,,10 months ago
218,dark99blue,5,,10 months ago
219,이재석,5,"(Translated by Google) The entrance from the department store side is protected due to subway construction, but if you pass there, you will like the Trek-like walking path and the grassy forest. Good to take a break with family  (Original) 백화점쪽에서의 입구는 지하철 공사중으로 보호막이 되어 있지만 그곳을 지나면 트렉같은 도보길, 잔듸 숲 모두 좋아요 가족과 잠시 쉬기 좋습니다",10 months ago
220,신윤섭,5,,10 months ago
221,Jahong Koo,5,,10 months ago
222,편한세상,5,"(Translated by Google) The best place for a walking trail, exercise course, date, or family outing.  (Original) 산책로.운동코스.데이트장소.가족나들이장소로는 최고임",10 months ago
223,유덕희,5,"(Translated by Google) There is a large park for walking around the grass soccer field, the forest is thick, and there are many wooden benches and tables, so it is a good place for citizens to rest.  The communal bathroom was also clean, and the prepared books were closed in a bookshelf made of glass so they didn't get wet even when it rained.  Many hula hoops are also available, and many women use them.  (Original) 잔디축구장둘레에 걷기운동할 만한 넓은 공원이 있으며 숲도 우거져 있고, 나무 벤치와 식탁이 많은 공원이라 시민들이 쉬기 좋은 곳이다.  공동화장실도 깨끗했으며, 준비되어 있는 책도 유리문으로 된  책장에 닫혀 있어 비가 와도 젖지않는다.  훌라후프도 많이 준비되어 여성들이 많이 애용하고 있다.",10 months ago
224,기준점,4,"(Translated by Google) It's not fancy, but it's a nice park to look around.  (Original) 화려하지 않지만 편안히 둘러보기좋은 공원",10 months ago
225,이정현,4,,10 months ago
226,박건영,4,"(Translated by Google) It is a very pleasant and good place to walk and exercise, and with a grateful heart I am going But I always feel it, but I tend to walk fast, so people who use it say Slowly blocking and walking, sometimes When I wind and walk away from the lawn There are a lot of runners, so it would be really inconvenient. I was going to give it to you. I hope that will improve.  (Original) 걷기 운동하기에 너무 쾌적하고 좋은곳이고 감사한 마음으로 다니고 있답니다 하지만 항상 느끼는점이지만 저는 빨리 걷기를 하는 편이라 이용하는분들이 얘기하시면서 천천히 가로막고 걸으니 어떤때는 잔디밭으로 피해 구불구불 걸을때가 많아요 달리는 분들은 정말 불편할거에요 빨리걷기와 천천히걷기 라인이 있던데 거의 모르시는것 같아서  사무실에서 한번씩 방송으로 말씀을 해주셨으면합니다 제가 문의를 드릴려고도 했었지요 그점이  개선되었으면 합니다",10 months ago
227,어촌,5,,10 months ago
228,이석호,5,(Translated by Google) The park is spacious and comfortable. But there is not enough parking Parking is cheap  (Original) 공원이 넓고 쾌적함 다만 주차장이 부족함 주차비는 저렴한편,10 months ago
229,이중래,4,"(Translated by Google) It's perfect for a walk or a family outing with young children. The trees and flowers are neatly maintained, and I like classical music in the nooks and crannies. On weekends, there are so many people that it is now saturated, and there are usually not enough chairs to sit and rest.  (Original) 산책하기에, 어린아이들 데리고 가족나들이 하기 최고죠. 나무와 꽃들도 깔끔히 가꾸었고 구석진 곳에 클래식 음악도 좋아요. 주말엔 이제 포화상태가 된 정도로 사람이 많고 평소에도 앉아서 쉴 의자가 많이 부족.",10 months ago
230,sLo Ca,4,,10 months ago
231,양승민,5,"(Translated by Google) It's very good, but the construction... it's too long  (Original) 너무 좋은데 공사가... 너무 오래하네요",10 months ago
232,탁운재,4,,10 months ago
233,이정진,2,(Translated by Google) I smell a lot of garbage.  (Original) 쓰레기 냄새가 많이 나요 ㅠ,10 months ago
234,유니스,5,"(Translated by Google) The park is very large. There is such a big park in the city center... I can eat instant ramen It's a park, so they don't sell alcohol.  (Original) 공원이 참 넓어요 도심속에 이렇게 큰 공원이 있다니... 즉석라면을 먹을수있어요 공원이라서 술은팔지않아요",10 months ago
235,Siok Jeoung,5,,10 months ago
236,애기병지,5,(Translated by Google) good  (Original) 좋음,10 months ago
237,아유뭐야이게,5,(Translated by Google) It's really pretty if you go during the day... The weather is nice and the clouds ㅠ  (Original) 낮에가면 진심 이뻐요...날씨도 좋고 구름 ㅠ,10 months ago
238,이정희,4,,10 months ago
239,Muneeb Ahmad,3,Local park with some monuments and a lake. You can feed ducks and fishes. Water fountain adds an extra fun.,10 months ago
240,양정우,5,(Translated by Google) Hem  (Original) 앙 개꿀띠,10 months ago
241,kyoungmin nam,4,(Translated by Google) I like it because it's spacious~ I wish there were a little more places that sell snacks nearby  (Original) 넓어서 좋아요~주변 간식판매하는 곳이 조금 더 있었으면 좋았겠어요,10 months ago
242,Jonghyoun Choi,4,,10 months ago
243,김현수,5,,10 months ago
244,방혜령,5,,10 months ago
245,Dongsoo Sohn,4,,10 months ago
246,mk han,5,(Translated by Google) good  (Original) 좋음,10 months ago
247,Tereza Břečková,5,,10 months ago
248,이종인,5,,10 months ago
249,추연주hailey chu,5,,10 months ago
250,재욱정,4,(Translated by Google) It's good to take a walk with your dog and drink coffee at Byeoldabang  (Original) 강아지와 산책하며 별다방 커피 마시기 좋다,10 months ago
251,오마이갓,3,,10 months ago
252,Hyungjoo Lim,5,(Translated by Google) It is always a space where our children can play comfortably on the lawn.  (Original) 항상 우리 아이들에게 마음편히 잔디밭에서 뛰놀수 있는 공간입니다.,10 months ago
253,안희주,5,,10 months ago
254,이종승,5,,10 months ago
255,jt k,4,(Translated by Google) I got vaccinated and was nervous Quite bigger than I thought and good for a walk  (Original) 백신 맞고 설렁설렁왔다 생각보다 꽤 크고 산책할만하다,10 months ago
256,손융덕,2,,10 months ago
257,Kyungmin Lee,5,,10 months ago
258,최분옥,1,"(Translated by Google) It was afternoon, so it wasn't crowded.  (Original) 오후시간이라 복잡하지않아 괜짢아었요",10 months ago
259,LEO SHIN,4,"(Translated by Google) It is hard to find a park of this size around here. You can ride a bicycle, fly a kite on the lawn, play ball, go for a walk or run. There is also a playground. There is also a shop where you can eat ramen, etc. However, there are many people because there is no park like this nearby. Again, it feels a bit complicated. It's complicated, but there are many people who walk with their dogs, so if you avoid dogs, you should avoid them for a walk often. I think the biggest downside is that the parking lot is narrow.  (Original) 이 주위에서 이정도규모의 공원은 찾기힘듧니다. 자전거타기, 잔디밭에서 연날리기, 공놀이, 산책, 달리기 등을 할 수 있습니다. 놀이터도 있습니다. 매점도 있어서 라면 등도 먹을 수 있습니다. 하지만, 근처에 이만한 공원이 없다보니 사람들이 많습니다. 다시말해서 조금 복잡하다는 느낌이 듭니다. 복잡한데 반려견과 같이 산책하시는 분들이 많아서, 혹시 반려견을 기피하시는 분들은 자주자주 피해서 산책하셔야 합니다. 가장 큰 단점은 주차장이 협소하다는 것이라고 생각합니다.",10 months ago
260,뭉뭉,5,,10 months ago
261,Chang shin,5,,10 months ago
262,DFGRE. TGF Moon,5,(Translated by Google) great place to exercise Great place to walk with family great place for a date  Parking is free during Chuseok period  (Original) 운동하기 좋은 곳 가족과 함께 걷기 좋은 곳 데이트하기 좋은 곳  추석기간동안은 주차장 무료입니다,10 months ago
263,유벤투스,5,"(Translated by Google) Can I tell you, if it's only for the light rail construction  (Original) 머 말할꺼있나 경전철공사만아니면 좋죠",10 months ago
264,김미진,5,(Translated by Google) Great for a walk with the kids  (Original) 아이들과 함께 산책하기 좋아요,10 months ago
265,강동성전초등부,5,,10 months ago
266,이여사,5,(Translated by Google) A good place for children to run around  (Original) 아이들 뛰어놀기 좋은곳~,10 months ago
267,Kim Ungkyung,4,,10 months ago
268,이충헌,3,,10 months ago
269,봉수선,5,,10 months ago
270,Taeyeon Kim,5,,10 months ago
271,빈콩,4,(Translated by Google) Is there a duck in the river in Boramae Park? And the moon is art  (Original) 보라매공원 강에 오리인가..?있다. 그리고 달이 예술임,11 months ago
272,GYUHOON JUNG,5,,11 months ago
273,seungkuk choi,5,(Translated by Google) I think it's good to do with kids  (Original) 아이와 함께 하기 좋은거 같다,11 months ago
274,나영옥,5,,11 months ago
275,경태영경,4,,11 months ago
276,Dawoon Yi,5,(Translated by Google) Great for jogging!  (Original) 조깅하기 좋아요!,11 months ago
277,정세현,5,,11 months ago
278,RACHEL IM,4,(Translated by Google) The feeling of doing everything in my life together  (Original) 내인생의 모든걸 같이 하는기분,11 months ago
279,황연주,5,"(Translated by Google) out in 1 minute. I went after lunch time.. I ordered a jjajangmyeon by myself, so it came out super fast. It was delicious jjajangmyeon full of flavor  (Original) 1분만에 나옴. 점심시간 지나서 가긴했구요..혼자가서 짜장면 하나 시키니까 초스피드로 나왔어요ㅋㅋ 불향가득 맛있는 짜장면 이었습니다",11 months ago
280,김영규,5,,11 months ago
281,김경륜,3,"(Translated by Google) The park itself is spacious and comfortable, and the times are good. But if you sit down, the old people in the neighborhood come and tell you to turn it off.  (Original) 공원 자체는 넓고 쾌적하고 시절이 좋음 그런데 앉아 있으면 동네 노인네들이 와서 꺼지라고함",11 months ago
282,IH YOO,5,,11 months ago
283,Juni,5,,11 months ago
284,시아맘,5,,11 months ago
285,슈퍼호넷,5,,11 months ago
286,Seo johan,5,(Translated by Google) A good place for a walk  (Original) 산책하기 좋은곳,11 months ago
287,wonder sky,5,"(Translated by Google) It is very good to have an exercise track near the house, and it is also good for a walk!!  (Original) 집근처 운동하기 트랙도 있어서 매우 좋고, 산책하기에도 좋습니다!!",11 months ago
288,Jaeho Hur,5,(Translated by Google) Good to exercise  (Original) 운동하기 좋음,11 months ago
289,윤동원,5,,11 months ago
290,그다지,5,,11 months ago
291,뱀낄낄,5,(Translated by Google) like  (Original) 좋아요,11 months ago
292,진이민이jineeminee,5,,11 months ago
293,배은경,5,(Translated by Google) Cool weather like today Good for exercise.  (Original) 요즘처럼 선선한 날씨 운동하기 좋습니다.,11 months ago
294,구오,5,,11 months ago
295,최성해,5,,11 months ago
296,Boco lee,4,,11 months ago
297,이현구,5,,11 months ago
298,우 김,4,,11 months ago
299,유영수,4,(Translated by Google) like  (Original) 좋아요,11 months ago
300,ᄋᄉᄋ,5,,11 months ago
301,YunJun C,5,(Translated by Google) Always crowded  (Original) 언제나 사람이 많음,11 months ago
302,양종휴,4,,11 months ago
303,킴션,1,,11 months ago
304,최두성,5,(Translated by Google) There is a better place in Seoul than this. Please come out.. Really good! Good luck!  (Original) 서울서 이보다 좋은곳 있음 나와보라 하세요..정말좋아요!굿럭!,11 months ago
305,darong van,5,(Translated by Google) I like to go for a walk in Boramae every day  (Original) 매일 가는 보라매 산책하기 좋아요,11 months ago
306,Leknia (레크니아),4,(Translated by Google) It's well organized and neat. But construction is in full swing.  (Original) 정리가 잘되어있고 깔끔해요. 하지만 공사가 한창입니다.,11 months ago
307,염철민,5,(Translated by Google) good to exercise  (Original) 운동하기 좋아요,11 months ago
308,둘리,5,(Translated by Google) like  (Original) 좋아요,11 months ago
309,busquets 05 sergio,5,(Translated by Google) A great place to exercise  (Original) 운동 하기에 참 좋은 곳ㅎㅎㅎ,11 months ago
310,유진상,4,,11 months ago
311,소설홀릭,5,"(Translated by Google) The weather is nice and the grass is so nice~^^ The sunset is pretty too, isn't it?  (Original) 날씨도 좋고, 잔디가 너무 좋아요~^^ 노을도 참 예쁘죠?",11 months ago
312,문선영,5,,11 months ago
313,드르렁,5,,11 months ago
314,방병수,4,,11 months ago
315,Kyungho Cho,3,(Translated by Google) like  (Original) 좋아요,11 months ago
316,스티펠,5,(Translated by Google) The fresh air and the beautiful green forest  (Original) 공기도좋고 푸르른 아름다운숲,11 months ago
317,Sunhwa Kim,4,,11 months ago
318,YU JEONG SONG,4,(Translated by Google) You can see the change of seasons in downtown Seoul!  (Original) 계절의 변화를 서울 도심에서  볼 수 있어요!,11 months ago
319,오성호,5,"(Translated by Google) It is well equipped with a small mountain in the park, a lawn the size of a large playground on the lake, an outdoor airplane exhibition hall, a cafe, and a youth training center. I bring a lot of dogs.  (Original) 공원 내에 자그마한 산, 호수에 넓은 운동장 만한 잔디밭, 야외 비행기 전시장, 카페, 청소년 수련장 등 잘 갖추어져 있습니다. 반려견 많이 데리고 오네요.",11 months ago
320,좋아골프,4,(Translated by Google) Great place for a walk or exercise  (Original) 산책 이나 운동하기 좋은 장소,11 months ago
321,김근숙,5,,11 months ago
322,1008김한결,1,(Translated by Google) There are too many people ㅠ  (Original) 사람이 너무 많아요 ㅠㅠ,11 months ago
323,강윤석,4,(Translated by Google) It was nice that the lawn was open. But I don't feel like I'm procrastinating on construction...  (Original) 잔디 밭이 개방되어서 좋았습니다. 하지만 공사를 질질 끌고 있는 느낌이 없지는 않지 만요...,11 months ago
324,윤호량,5,,11 months ago
325,신철웅,4,"(Translated by Google) It is a good place to go for a walk with children, and there are many convenience facilities such as restaurants nearby.  (Original) 아이들과 산책 공놀이 하기 좋으며 주변에 식당 등 편의시설도 많음",11 months ago
326,kyoungmook jeong,5,,11 months ago
327,김영민,5,,11 months ago
328,박성호,5,,11 months ago
329,영글영글,4,(Translated by Google) It's so good to take a walk~  (Original) 산책하기 너무 좋아요~,11 months ago
330,Vinicio Luis Rodrigues,5,,11 months ago
331,BahkSa Bahk,5,,11 months ago
332,자영이 (Monica),5,"(Translated by Google) It's near my house, so I go for a bike ride every day. It's very big, there are many trees, there is a lotus lake, there are sports facilities and a children's playground.  (Original) 집 근처라 매일매일 자전거 타러 가는데 아주 크고 나무들이 많고 연꽃호수가 있고 운동시설들과 어린이 놀이터가 있어 동네주민들이 애용하는 휴식터입니다.",11 months ago
333,eunhee choi,5,(Translated by Google) Very good haha  (Original) 참좋음 ㅋㅋ,11 months ago
334,이병덕,5,"(Translated by Google) A park where I go to exercise every morning whether it rains or snows or the wind blows. Recently, trees have been planted inside the track. It will be a more beautiful park.  (Original) 매일 아침 비가오나 눈이오나 바람이부나 운동하러가는 공원. 최근에는 트랙 안쪽에 나무를 심어서 더 아름다운 공원이 되겠네요..",11 months ago
335,sh Kim,5,,11 months ago
336,서혜진,5,,11 months ago
337,신준섭 (끝내주는 사람!),5,"(Translated by Google) It's good, but there are too many people exercising and walking.  (Original) 좋긴한데 운동과 산책하는 사람들이 너무 많 습니다.",11 months ago
338,JeongHwan Park,5,,11 months ago
339,이오영,5,,11 months ago
340,UWon Sun,5,,11 months ago
341,ᄂᄂ,4,(Translated by Google) After all...  (Original) 역시는 역시다..,11 months ago
342,이정창,3,"(Translated by Google) I go there occasionally, but it's a good place. It's a bit inconvenient because the corona has blocked a place to sit and rest.  (Original) 가끔씩 가지만 괜챦은 곳이죠. 코로나로 앉아 쉴수 있는 자리를 막아놓아 좀 불편합니다.",11 months ago
343,권광범,5,,11 months ago
344,샤나땅,5,(Translated by Google) It was refreshing and good~  (Original) 상쾌하고 좋았어요~,11 months ago
345,김영수,4,,11 months ago
346,이지영,5,(Translated by Google) Nice to go for a walk with my family  (Original) 가족들과 함께 산책하기 좋네요,11 months ago
347,최부경,2,,11 months ago
348,JD Lee,4,,a year ago
349,전현주,3,,a year ago
350,하지현,5,(Translated by Google) It is very nice to the park maintenance parking lot.  (Original) 공원 정비 주차장까지 매우 좋네요.,a year ago
351,송창훈,5,,a year ago
352,김응철,4,,a year ago
353,아이유,4,(Translated by Google) 30 minutes is ok  (Original) 30분정도 괜찮,a year ago
354,소춘근,5,(Translated by Google) the air was fantastic  (Original) 공기가 환상 적 이었어요,a year ago
355,장상아,5,,a year ago
356,강상모,2,,a year ago
357,순애수네킴,3,(Translated by Google) There are too many people exercising at 6pm. 1 hour walk It's getting cooler now morning and evening Jogging recommended  (Original) 6시 운동  사람들이  너무 많아요ㅠㅜ 1시간 걷다가  들어옴 이제 선선해 지고 있어요  아침 저녁 조깅 추천,a year ago
358,Terry Hong,5,,a year ago
359,안려명,5,,a year ago
360,Albertism Kim,5,(Translated by Google) The best park in Seoul!!!  (Original) 서울 최고의 공원!!!,a year ago
361,곽태은,5,,a year ago
362,김종만,5,,a year ago
363,전혜정,5,,a year ago
364,SOO LEE,5,(Translated by Google) good for a walk  (Original) 산책하기 좋아요,a year ago
365,박다운,5,"(Translated by Google) I go there often, but it's good except for the old people taking up their seats.  (Original) 자주 가는데 노인분들이 세월아내월아 다 자리 차지하고 있는것 빼고 좋네요",a year ago
366,조권목,5,"(Translated by Google) It's a park near my house, so it's perfect for a walk! Walking healing 100 points!  (Original) 집근처 공원이라 산책하기는 더할나위없이 좋아요! 산책 힐링100점!",a year ago
367,전세영,5,,a year ago
368,묵상말씀,5,(Translated by Google) good to exercise  (Original) 운동하기 좋아요,a year ago
369,배뱁,5,,a year ago
370,바람돌이,5,아주좋아요,a year ago
371,daeun hwang,4,"(Translated by Google) I went on a weekday evening and it was really crowded. Boram Central Lawn Plaza is open and cool. There are a lot of people walking around the area like revolving sushi, and one of the sushi was me and my family. There is plenty of space to sit and relax. The park in Boramae Park is overgrown with grass and trees, probably because it is summer, so you can't see the lake.  (Original) 평일 저녁에 갔는데 사람이 정말 많습니다. 보람중앙 잔디광장은 탁 트여 있어서 시원해요. 그 주변을 회전초밥 처럼 걷는 사람이 많고 초밥중 하나는 저와 가족이었습니다. 앉아서 쉴 공간도 많습니다. 보라매공원에 있는 공원은 여름이라그런지 풀,나무가 무성해서 호수가 안보입니다.",a year ago
372,주은이,5,,a year ago
373,Grooveswing3,4,(Translated by Google) A place of memories  (Original) 추억의장소,a year ago
374,김영진,5,(Translated by Google) Boramae Park is the best~~~ ^^  (Original) 보라매 공원 최고~~~ ^^,a year ago
375,Jaeyong Lee,5,,a year ago
376,정영훈,5,(Translated by Google) The former Air Force Academy is a popular park for citizens and is used by many citizens.  (Original) 옛공군사관학교를시민을위한공원으로많든곳으로많은시민이용하는곳입니다,a year ago
377,Money Pig,4,,a year ago
378,kirang papa k,5,,a year ago
379,장성만,5,,a year ago
380,곽문철,3,"(Translated by Google) The mountains around the park are cooler. It feels more like an amusement park than a park, because there are too many people  (Original) 공원주위 산이 더 시원하다구요 공원이라기보다 유원지 갇은느낌 사람이 너무많아서요",a year ago
381,초롱(CRP),3,,a year ago
382,아침햇살,3,(Translated by Google) There are people who don't use NASC.  (Original) 나스크 안쓰고 다니는 사람들 있어요,a year ago
383,승데렐라,5,(Translated by Google) Good to exercise ~~ ^^  (Original) 운동하기 좋아요~~^^,a year ago
384,최보원,5,,a year ago
385,황룡화,5,,a year ago
386,양진석,2,"(Translated by Google) Convenience store coffee costs 2100 won, so I'll have to bring 1,000 won each of bottled water.  (Original) 편의점 커피 값이 2100 원 이라니  생수도 1000 원씩 하고 준비해가지고 가야겠내요",a year ago
387,KER FLU,5,(Translated by Google) Why I live in Gwanak-gu  (Original) 내가 관악구에 사는 이유,a year ago
388,Antonio Gim,5,"(Translated by Google) Parking is convenient, parking is chargeable. 2000 expeditions per hour? 9000 won per day for parking. Lots of trees and good walking.  (Original) 주차 편함, 주차비는 유료. 1시간에 2000 원정도? 1일 주차 9000 원. 나무도많고 걷기 좋음",a year ago
389,클오버,5,(Translated by Google) like  (Original) 좋아요,a year ago
390,다이스응이,5,"(Translated by Google) Because Boramae Park is close to my house, I visit it often to exercise and enjoy a walk, but for me, it is a precious space that makes me think that there is no better place than this.  (Original) 보라매 공원은 집 근처에 있기때문에 수시로 들려서 운동도 하고 산책을 즐기는 공간이기도 하는데 나에게 있어서는 이 보다 더 좋은 곳이 없다는 생각이 들 정도로 소중한 공간이다.",a year ago
391,유필재,5,,a year ago
392,조준형,5,,a year ago
393,Infinitus,4,(Translated by Google) spacious and well made  (Original) 넓고 잘 되어있어요,a year ago
394,조영훈,5,(Translated by Google) great place to exercise  (Original) 운동하기 좋은 곳,a year ago
395,S2 Teacoat,5,"(Translated by Google) If you go on a summer night, you can hear the frogs and sometimes you can see a fountain show. Sometimes I go along the Dorimcheon Stream  (Original) 여름 밤에 가면 개구리 소리들리구 가끔 분수쇼도 볼수 있어서 좋아용 도림천 따라 가끔 갑니당",a year ago
396,오대성,5,,a year ago
397,천지선,4,,a year ago
398,수호랑,5,"Good Place to Run, But Crowded",a year ago
399,MJL스튜디오,5,(Translated by Google) A good place to exercise  (Original) 운동하기좋은곳,a year ago
400,맨쉬튀,1,,a year ago
401,이해리,5,,a year ago
402,민수입니다!,5,(Translated by Google) like  (Original) 좋아요,a year ago
403,권덕분,2,,a year ago
404,Yoon아론,5,Real park you can walk on,a year ago
405,임철현,4,,a year ago
406,강태원,5,(Translated by Google) Now it's a great place for a lot of people to spend their day...it's great  (Original) 이제 많은 분들이 하루의 시간을 보내는  좋은 장소입니다...넘 좋아요,a year ago
407,김수민,5,,a year ago
408,minsuk Chae,5,,a year ago
409,야근하는사람,5,,a year ago
410,Minkyoung Roh,4,"(Translated by Google) It's good, but it's under construction right now, so it's messy.  (Original) 좋은데 지금 공사중이라 어수선하네요",a year ago
411,Harrison UJ Lee,4,,a year ago
412,양순정,5,(Translated by Google) Great park in the city center!  (Original) 도심속에 공원 아주 좋아요!,a year ago
413,배권용,3,,a year ago
414,choi8919,4,,a year ago
415,문하리,5,,a year ago
416,김경조,5,(Translated by Google) ㆍ Good  (Original) ㆍ좋음,a year ago
417,seph Jo,5,,a year ago
418,김소영,5,(Translated by Google) good  (Original) 좋음,a year ago
419,양일규,5,(Translated by Google) good  (Original) 굿,a year ago
420,신원변,4,,a year ago
421,Chs J,4,,a year ago
422,권지혜,5,,a year ago
423,박경범,5,,a year ago
424,최은자,5,,a year ago
425,심재철,5,(Translated by Google) good to run  (Original) 뛰기 좋음ㅎㅎ,a year ago
426,허한도,5,(Translated by Google) I like to go to Hansang  (Original) 한상 다니는데 좋아요,a year ago
427,유선용,5,,a year ago
428,노현건 (노선생),4,(Translated by Google) There are too many people.  (Original) 사람이 너무 많다,a year ago
429,장성수,5,,a year ago
430,콩깍지,5,(Translated by Google) It's good to exercise. The environment is clean. It's always good.  (Original) 운동하기도 좋고.환경도 깨끗하고.늘  좋습니다,a year ago
431,Woojung Reina J,5,,a year ago
432,양준호,4,,a year ago
433,smile Lee,5,,a year ago
434,k148 k,1,"(Translated by Google) Middle School Volunteer Area Convenience store price legend No service, clean and few people (than I thought)  (Original) 중학교 봉사활동 구역 편의점 가격 래전드인ㄷ 봉사 할거없이 깨끗하고 사람도적음(생각보다)",a year ago
435,보수 사랑곽태수,4,,a year ago
436,Golza,5,,a year ago
437,Chae Haw You,4,,a year ago
438,이애린,5,,a year ago
439,손홍주,4,(Translated by Google) It's good for running and there are a lot of people who drink too~  (Original) 런닝하기좋고 술마시는사람도 많고~,a year ago
440,문형철,3,,a year ago
441,하얀목련,5,(Translated by Google) Close to Sindaebang Station on Line 2 and walk Very nice to do after a bit of a park Connected to Anyangcheon Bicycle Path  (Original) 2호선 신대방역에서 가깝고 산책 하기 너무좋음 공원을 조금 지나면 안양천 자전거길로 이어짐,a year ago
442,Yong Seok Choi,5,,a year ago
443,인기석,5,(Translated by Google) good  (Original) 좋지요,a year ago
444,Yong Kim,5,,a year ago
445,Canasta H,5,"(Translated by Google) As the park is large, there are many people. It's been a while since I've been there, but there seem to be more people than before Corona The bench is almost full, so it would be good to prepare a mat. The road was wide and there were a lot of cyclists, but it seems difficult these days.  (Original) 공원이 넓은만큼 사람도 많습니다. 오랜만에 갔는데 코로나 이전에 비해 사람이 더 많은 것 같네요. 벤치는 거이 자리가 차있어서 돗자리를 준비하면 좋을듯합니다. 도로가 넓어서 자전거 타는 사람들이 많았었는데 요즘은 그것도 힘들어보입니다.",a year ago
446,황윤숙,5,,a year ago
447,LeesolEE,4,,a year ago
448,44777 NYH,5,,a year ago
449,고진영,5,👍,a year ago
450,namhyun lim,5,,a year ago
451,daldalcoffee Lee,5,(Translated by Google) It was nice that there weren't many people.  (Original) 사람들 많지 않아 좋았어요,a year ago
452,JW H,4,"(Translated by Google) Parking is cheap, but there are a lot of illegally parked cars.  (Original) 주차비가 싼데 불법 주차 차량이 많이 보임.",a year ago
453,김경완,5,,a year ago
454,cheong yoel You,5,,a year ago
455,Sunny Cho,5,"This park is famous park in Seoul. The name of park ""Boramae"" is oriented a bird that symbolize airforce. This park area was Republic of Korea Airforce(ROKAF) arcademy. In 1985, airforce arcademy moved to other city. So if you visit this park, you can see an old airplane used in airforce.",a year ago
456,이택균,4,"(Translated by Google) First four leaf clover of the year I found it at Boramae Park. be healthy everyone The Sillim Line, a light rail line, will be completed around the spring of next year. The history comes out in front of the park parking lot  (Original) 올해 첫 네잎클로버 보라매공원에서 찾았네요 모두 건강하시길 내년 봄경에 경전철 노선인 신림선이 완공됩니다 역사가 공원 주차장앞으로 나네요",a year ago
457,최종남,4,,a year ago
458,오덕현,5,,a year ago
459,park우앙굳,5,(Translated by Google) There are a lot of people who exercise and a lot of people with dogs.  (Original) 운동하는 사람들많고 개데리고 다니는 사람도 많아요,a year ago
460,킴키수,5,It is a great place to walk!,a year ago
461,이명우이명우,3,,a year ago
462,이맛이야,2,,a year ago
463,백경아,1,(Translated by Google) Not much because of the construction.  (Original) 공사때문에 별로,a year ago
464,임상윤,4,,a year ago
465,김경수,3,(Translated by Google) It's crowded  (Original) 혼잡해요,a year ago
466,웅어멈,5,(Translated by Google) It was nice to exercise in the evening because the cool breeze was nice.  (Original) 시원한바람~ 좋아서 저녁에 운동하기 좋았습니다,a year ago
467,minjeong koo,5,(Translated by Google) Wide and pretty  (Original) 넓고 예쁨,a year ago
468,성태호,5,,a year ago
469,이경복,5,,a year ago
470,Mingshan Jiang,4,"(Translated by Google) Acupressure is good, but I want dog excrement in the park every day. I wish there was no excrement by installing more cameras and making a fine.  (Original) 돌지압하는대가 좋습니다 다만 공원내에 강아지배설물이 그이 매일보다싶이합니다 카메라를 더설치해서 벌금을시키든지 해서 배설물이 없으면  좋겠습니다 ᆢ",a year ago
471,Dong Hui Yao,5,,a year ago
472,Chanuk Park,5,,a year ago
473,김우중,5,,a year ago
474,김정은,1,(Translated by Google) It was great. there are many dogs  (Original) 넘 좋았어요.  강아지들도 많구,a year ago
475,문준영,5,,a year ago
476,최진경,5,,a year ago
477,디릭디,5,,a year ago
478,최덕신,5,"(Translated by Google) On weekends, I sometimes go with my family.  (Original) 주말이면 가끔 가족과 가는데 분수도 좋고 걷기도 좋아요.",a year ago
479,윤성식,5,,a year ago
480,최훈,5,,a year ago
481,냑뽀,5,,a year ago
482,이슬비,5,,a year ago
483,이댕금,5,,a year ago
484,어둠의손길,5,(Translated by Google) Spacious and crowded too many people  (Original) 넓고 사람많음 너무많음,a year ago
485,아름다운캠퍼,5,(Translated by Google) It is a good place to go with family and lovers. Toddlers also like to play. It's good for a walk. It's also good for outings with lovers. There are also many restaurants nearby.  (Original) 가족끼리 연인끼리..모든 분들이 다녀가기좋은곳입니다. 유아들도 놀기좋아요.산책하기좋구요.연인끼리 나들이하기도 좋습니다. 주변 맛집도 많습니다.,a year ago
486,지혜백신,4,(Translated by Google) A nice place to play with the smell of grass and the cool breeze blowing  (Original) 풀 냄새나고 바람도 선선하게 불어 놀기좋은곳,a year ago
487,김덕성,5,(Translated by Google) It's a really good place.  (Original) 참 좋은곳 입니당ㅋ,a year ago
488,beauty songsong,5,"(Translated by Google) The park is really well maintained, so it's perfect for relaxing. I would like to come as a family.  (Original) 공원이 정말 조성 잘되있어서 휴식하기 딱이에요 가족단위로 오는게 좋겠네요",a year ago
489,김달해,5,(Translated by Google) turtle  (Original) 거북이,a year ago
490,강민수,4,,a year ago
491,홍승원,5,,a year ago
492,JONG-HEE Kim (행복김군),5,,a year ago
493,웅이아부지,4,"(Translated by Google) Currently, access and use are possible, but some light rail lines are under construction. Parking is always scarce. There are few people in the early morning, and the disadvantage is that you cannot swim due to Corona. However, if you visit at least once in the month of June for Patriots and Veterans, there are small things to see, such as airplanes. There is a dog play area and a central convenience store is available. The advantage is that you can spread out the mat and relax at any time. The central lake also occasionally hosts a fountain show. Environmental beautification and park management are good. I think it's a good place to go for a half day break.  (Original) 현재 출입 및 이용은 가능하지만 일부 경전철 공사중임. 주차는 늘 자리부족. 이른 오전이면 사람들이 적고, 코로나로 인해 물놀이를 할 수 없다는 단점. 다만 호국보훈의 6월달, 한번 정도 방문한다면 비행기 등 소소한 볼거리. 반려견 놀이터가 있고, 중앙 편의점 이용 가능. 아무때나 돗자리 펴고 쉴 수 있다는 장점. 또 중앙 호수는 가끔 분수쇼도 함. 환경미화 및 공원 관리는 잘되는 편임. 반일 쉬었다 가기 적당한 곳이라 생각.",a year ago
494,김은영,5,(Translated by Google) It is spacious and has a fountain. I like to play with children  (Original) 넓고 분수대도있고. 아이들과  놀기 좋아요,a year ago
495,Byoung Lee,4,Lovely show with music at the fountain in the lake,a year ago
496,송기인,4,(Translated by Google) The air is nice and clean. But there are too many dogs. Maybe this is a dog park..  (Original) 공기도좋고 깨끗해요.근데  강아지들이  넘넘 많아요.혹??여긴  강아지공원인줄..,a year ago
497,전종민,5,,a year ago
498,권혜경,5,(Translated by Google) pretty  (Original) 이쁘다,a year ago
499,B.k Jung (뽀),4,(Translated by Google) I love to take my baby  (Original) 아기 데리고 가기 좋아요~^^,a year ago
500,Jehoon Jeong,5,,a year ago
501,ohyong son,5,,a year ago
502,snow,5,(Translated by Google) I like to exercise. There are a lot of sweet people.  (Original) 운동하기좋아요 단 사람이 엄청많아요,a year ago
503,joo-ho kim,5,👍,a year ago
504,Ramune,5,(Translated by Google) I liked that the track was wide and long.  (Original) 트랙이 넓고 길어서 좋았어요,a year ago
505,K효니,4,,a year ago
506,tae young joo,4,,a year ago
507,다람쥐,5,(Translated by Google) like  (Original) 좋아요,a year ago
508,채희란,5,👍,a year ago
509,정상옥,4,,a year ago
510,심현수,5,,a year ago
511,음식과술,5,"(Translated by Google) I like to go for a walk during the day or night, so I visit often. It would be better if the light rail construction was completed sooner.  (Original) 낮이나 밤에 산책하기 좋아서 자주 방문. 경전철 공사 빨리 끝나면 더 좋을 듯.",a year ago
512,박지희,5,(Translated by Google) good day for a walk  (Original) 산책을 하기 좋은하루,a year ago
513,연리Zero,5,(Translated by Google) good  (Original) 굿,a year ago
514,박소은,2,(Translated by Google) The place where too many people enter is a construction board  (Original) 너무사람많다  들어가는곳곳이 공사판,a year ago
515,seung Yoo,5,(Translated by Google) It is spacious and has many flowers and trees.  (Original) 넓고 꽃과 나무가 많아요,a year ago
516,Julian Lim,5,So good,a year ago
517,조강훈,2,,a year ago
518,김명선,5,(Translated by Google) We have created a track around the playground for walking. You can sit on a nearby chair and there is plenty of shade so you can rest. There is also a kiosk where you can eat cup noodles. Parking is also available nearby.  (Original) 걷기운동할 수 있도록 운동장 한바퀴 트렉을 만들어놨습니다. 주변 의자에 앉을 수 있도록 해놨고 그늘도 많이 있어 쉴 수 있습니다. 매점도 있어서 컵라면도 먹을 수 있습니다. 주차도 주변에 가능합니다.,a year ago
519,박장호,4,(Translated by Google) It is good for a walk and the air is clean.  (Original) 산책하기 좋으며  공기가 맑고 남녀노소 도심속 산책 코스로서 좋았다,a year ago
520,김정수,5,"(Translated by Google) First of all, the air is very nice. Everyone is trying to stay healthy. I can see this beautiful park It's really good in Dongjak-gu, thank you  (Original) 우선 공기가 너무 좋아요 다들 건강 지키려고 노력하는 모습이 보여요 이렇게 아름다운 공원이 우리 동작구에 있어서 정말 좋고 감사합니다",a year ago
521,김연실,5,,a year ago
522,K T,1,,a year ago
523,nara kim,5,,a year ago
524,최윤석,4,"(Translated by Google) Compared to Yeouido Park, it is good to take a walk, but there are many downsides to riding a bicycle.  (Original) 여의도 공원이랑 비교시 산책하기는 좋은데 자전거 타기는 아쉬운점이 많음 음악분수도 있고 꽃밭도 있고 그늘도 많음 주차장은 부족함",a year ago
525,Edden Park,5,,a year ago
526,언제나맑음,5,,a year ago
527,yinguo jin,5,,a year ago
528,관악현대재가복지센터,5,,a year ago
529,김원재,4,"(Translated by Google) Everything is good, but it's under construction  (Original) 다 좋은데 공사 중이라 아쉽",a year ago
530,홍성욱,5,(Translated by Google) walk  (Original) 산책,a year ago
531,김성곤,5,,a year ago
532,김동오,5,,a year ago
533,오성식,5,(Translated by Google) A rough estimate  (Original) 개산책,a year ago
534,권혁철,5,,a year ago
535,jehoon seen,4,,a year ago
536,Cha mi,5,(Translated by Google) A lot of people are good  (Original) 사람이 많아 그렇지 좋습니다,a year ago
537,Angelique Vinkestijn (PearlBeauty),4,Because of the subway construction a lot of the park is not available,a year ago
538,이성희,5,(Translated by Google) nice park to relax  (Original) 휴식을 취하기 좋은 공원,a year ago
539,주정익,5,,a year ago
540,성낙선,5,,a year ago
541,이규미,4,,a year ago
542,Jiae Yoo,5,,a year ago
543,김중현,5,(Translated by Google) The night view is good and it is good to exercise 👍  (Original) 야경이 좋고 운동하기에 👍,a year ago
544,Paul Yan,5,Great place to meet people and exercise in this pandemic period,a year ago
545,Gisu Lee,5,,a year ago
546,곽상열,5,,a year ago
547,Philson P,2,(Translated by Google) There are many people  (Original) 사람 넘 많다,a year ago
548,Min-Kyung Ryoo,5,(Translated by Google) good  (Original) 굿,a year ago
549,조외경,4,(Translated by Google) It's definitely Boramae Park... But it seems like we're doing construction too simultaneously during this good season..ㅠㅠ  (Original) 역쉬 보라매 공원이네요... 근데 이 좋은 계절에  너무 동시다발적으로 공사를 하는 거 같아요..ㅠㅠ,a year ago
550,Yeoul Kim,5,,a year ago
551,정성우,5,(Translated by Google) I really like it 🙂  (Original) 정말 좋아요 🙂,a year ago
552,윤태원,5,(Translated by Google) just  (Original) 그냥,a year ago
553,abrooyal K,3,"(Translated by Google) Because there are too many people, it seems that it is under reinforcement construction.  (Original) 사람이 너무 많아 포화상태여서 보강 공사중인가 보다.",a year ago
554,김은희,4,,a year ago
555,카류엘,3,,a year ago
556,유달현,5,(Translated by Google) like  (Original) 좋아요,a year ago
557,임희승,5,,a year ago
558,Eun Sub Kwak,5,,a year ago
559,윤철,5,,a year ago
560,아예뻐,5,,a year ago
561,쨔니아빠,5,,a year ago
562,Yongha Choi,5,,a year ago
563,남오득건,5,(Translated by Google) Good for exercising  (Original) 운동하기에  좋읍니다,a year ago
564,백혜원,5,"(Translated by Google) The facilities are good, various, and spacious  (Original) 시설도 좋고 다양한 편이고 넓어요",a year ago
565,jeehye kim,5,(Translated by Google) It's my favorite park~ But please let me get into the lawn sooner~~~~~~~~~~~~~~~~~~~~~~~~~~~~~~~~~~~~~~~~~~~~~~~~~~~~~~~~~  (Original) 참 좋아하는 공원이에요~근데 빨리 잔디밭에 들어가게 해주세요~,a year ago
566,정여현,5,ok,a year ago
567,MN KZ,5,(Translated by Google) It's nice.  (Original) 좋죠,a year ago
568,이승진,5,,a year ago
569,남혜선,5,"(Translated by Google) Walk, exercise, healing place  (Original) 산책.운동.힐링장소",a year ago
570,송명인,4,(Translated by Google) There were more people because it was a holiday. It’s so nice to be close from home. The wind is refreshing.  (Original) 휴일이라 사람이 더더욱 많앗네요 집에서 가까와 너무 좋아요 바람도 상쾌하고,a year ago
571,몰라요,5,,a year ago
572,이인구,4,,a year ago
573,김늑대씨,4,,a year ago
574,김병양,5,(Translated by Google) Good for a walk There is also a playground Boramae Park Station  (Original) 산책하기 좋음 운동장도 있고 보라매공원역,a year ago
575,Alice //,4,,a year ago
576,신현아,5,"(Translated by Google) Boramae Park is nice Make the pond beautifully and big There is also a musical fountain, so take a look at the time of day and visit. There are lots of food around and it’s very good  (Original) 보라매공원은 푸릇푸릇 좋아요 연못도 크게 이쁘게 잘만들어놓고 음악분수도 하니 시간대 보고 한번 방문해보세요 주위에 먹거리도 많고 아주 좋아요",a year ago
577,hj y (YHJ),5,,a year ago
578,shine twinkle,4,"(Translated by Google) If you are interested in the park on a rainy day, please press it~  (Original) 비 오는날 공원에 관심이 있다면 눌러주세요~",a year ago
579,‍김주현[ 대학원석사과정졸업 / 전자공학과 ],3,,a year ago
580,쭌스파파,5,(Translated by Google) There are a lot of people jogging in the morning~!!  (Original) 아침 조깅하는 사람 많아요~!!,a year ago
581,J A,4,"(Translated by Google) It's a nice park in the city center and there is a hospital nearby, so patients also take a walk.  (Original) 도심에 나름 좋은 공원이고 병원이 근처에 있어 환자들도 산책 많이하지만 현재 지상철 공사로 많은 부분 이용 불가",a year ago
582,디아TV,5,(Translated by Google) good  (Original) 굿,a year ago
583,이승학,4,,a year ago
584,김massy7,5,,a year ago
585,지미영,5,(Translated by Google) Delicious~~~ There are also a lot of side dishes!!  (Original) 맛있어요~~~ 반찬도 많이 나옴!!,a year ago
586,윤동순,3,,a year ago
587,혀니니,5,,a year ago
588,김은섬,5,,a year ago
589,성지은,4,(Translated by Google) It's good to take a walk and walk comfortably  (Original) 편히 산책하고 걷기 좋아요,a year ago
590,Y W,4,,a year ago
591,오칠오칠,5,,a year ago
592,이도형,5,(Translated by Google) I went rock climbing. It's great that even beginners can experience it  (Original) 암벽등반을 하였습니다. 초보자도 체험을 할수있어좋아요,a year ago
593,ᆞ두발로,5,,a year ago
594,HYEON IL LEE,3,(Translated by Google) It's just good to walk~  (Original) 그냥 걷기 좋아요~,a year ago
595,정재호,5,,a year ago
596,Ha Mr.,5,,a year ago
597,티브링,5,,a year ago
598,E _runyoja,5,,a year ago
599,손현숙,5,,a year ago
600,크롱,5,(Translated by Google) Really good  (Original) 진짜 너무 좋다,a year ago
601,오선민,5,,a year ago
602,뚱터기 (뚱턱),5,(Translated by Google) I like the dog playground  (Original) 반려견운동장이 좋아요,a year ago
603,Sg K,5,,a year ago
604,hj jun,5,(Translated by Google) Good as a promenade. There is also a bicycle path.  (Original) 산책로로 좋습니다. 자전거도로도 연결되어있구요,a year ago
605,윤희자,5,,a year ago
606,한창우,5,,a year ago
607,ice tea,5,"(Translated by Google) I went for a bike ride, but there is a dedicated bike path and it's neat!! There are a lot of chairs here and there so you can take a break if it's hard  (Original) 자전거 타러 갔는데 자전거 전용 도로도 있고 깔끔해요!! 이곳 저곳 의자도 많아서 힘들면 쉴수도 있구요",a year ago
608,SUE L.,5,(Translated by Google) Unconditionally good  (Original) 무조건 좋음,a year ago
609,it love,5,(Translated by Google) Awesome  (Original) 짱,a year ago
610,이준서,5,(Translated by Google) Good to exercise. A great place to ride a bike.  (Original) 운동하기 좋음. 자전거 🚲타기 좋은 곳.,a year ago
611,J.Y. Teresa Shin,5,(Translated by Google) It's perfect for a local promenade Wausan Dulle-gil is also good  (Original) 동네 산책로로 딱입니다 와우산 둘레길도 좋아요,a year ago
612,참피스이드너,5,"(Translated by Google) A playground was also opened, an outdoor water supply was also available, and today I relieved my stress by watching the musical fountain. There is a lot of fun looking around. Even taking a walk, you can go around every corner for 2 hours!  (Original) 놀이터도 개방하고 야외 수도도 나오고, 오늘은 음악분수보면서 스트레스 풀었습니다. 구석구석 돌아보는 재미가 많습니다. 산책으로도 구석구석 2시간은 돌수있습니다!",a year ago
613,Doyoung Ryu,4,,a year ago
614,조한준,5,"(Translated by Google) A park where I often go to exercise. The music fountain show at the lake from 8:00 PM, and the trail in the forest on the mountain right next to it is also good.  (Original) 자주 운동하러 나가는 공원. 오후8시부터 호수에서 음악 분수쇼 하고 바로옆 산에 숲속 둘레길도 좋아요.",a year ago
615,강선영,4,(Translated by Google) Good cost performance  (Original) 가성비 좋은듯   함,a year ago
616,공혜숙,4,"(Translated by Google) The air is good and it’s a neighborhood, so it’s a place I go to often.  (Original) 공기도 좋고 동네라서 자주 가는곳이예요",a year ago
617,Kwangs Kim,5,(Translated by Google) It's a great place to always take a walk for lunch.  (Original) 늘 점심에 산책하는  곳으로 아주 좋습니다.,a year ago
618,김상식,5,(Translated by Google) There are also fighters~ It's okay because there's also Trek~  (Original) 전투기도있고~ 트렉도있어서괜찮네요~,a year ago
619,최정음,4,,a year ago
620,이욘꾹,5,,a year ago
621,Changsoon Choi,3,,a year ago
622,KyoungYun Lee,4,,a year ago
623,Mine_boy,5,,a year ago
624,sung ae,5,,a year ago
625,Nicki M,4,,a year ago
626,김현호,3,,a year ago
627,리예술,5,"(Translated by Google) Exercising!! I think I'll lose weight if the playground heat changes. There is also a small sports facility, bench convenience store, bedminton court, there are a lot of cherry blossoms in the air force park, and if there is no place to go properly, it is good to go here and go around the playground to talk about time.  (Original) 운동하기 똭!!운동장 열 바뀌돌면 살 빠질것 같음 . 작은 체육시설도 있고 벤치 편의점 베드민턴장 그 위엔 공군공원 벚꽃 많고 적절히 갈 곳 없으면 여기가서 운동장 돌면 시간 가고 이야기 하기 좋타 ㅋㅋㅋ",a year ago
628,이상현,4,,a year ago
629,최윤하,4,,a year ago
630,승환오,4,,a year ago
631,ggo mee Jeong,3,,a year ago
632,ᄋᄋᄋ,5,,a year ago
633,Y Peach,5,,a year ago
634,김서희,5,(Translated by Google) A great park for a walk!! So pretty in spring  (Original) 산책하기좋은 공원!! 봄에 너무예쁘다,a year ago
635,류태희,5,,a year ago
636,명연,5,,a year ago
637,Jy Hwan Kim,5,"(Translated by Google) It's really good to take a walk with the family. If you have a family with children, I really recommend it!  (Original) 가족들과 산책하기 정말 좋다 어린이가 있는 가정이면 정말 강추!",a year ago
638,penho93,5,,a year ago
639,원유정,5,,a year ago
640,YOONZOO,5,,a year ago
641,최종창,4,"(Translated by Google) There are many people who wear a mask under the chin with their nose and mouth open even though the coronavirus is struggling. There are many people who wear dental masks. Individuals should also be careful, but quarantine personnel need to crack down.  (Original) 코로나바이러스가 기승을 부리는대도 코와 입을 내놓고 턱아래에 마스크를 쓰고 다니는 사람 치과용 마스크를 쓰고 다니는 사람들이 많이 있네요.개인도 조심해야하지만 방역요원들의 단속이 필요하네요.",a year ago
642,Elena TAE,4,(Translated by Google) The place where the lake and the playground are connected to the stadium and the forest  (Original) 호수와 운동장 경기장과 숲이 연결된 곳,a year ago
643,윤지,5,,a year ago
644,자연은아름다워,5,,a year ago
645,전혜정,5,,a year ago
646,빨강,4,,a year ago
647,차원,5,(Translated by Google) great!  (Original) 좋아요!,a year ago
648,김경진,5,"(Translated by Google) There are so many people, maybe because I like it so much  (Original) 넘 좋아서 그런지 사람도 넘 많아요",a year ago
649,suho Park,4,(Translated by Google) Best to walk  (Original) 산책하기 최고,a year ago
650,김승환 (seunghwan kim),5,(Translated by Google) I like to take a walk  (Original) 산책하기좋아요,a year ago
651,이계원,4,,a year ago
652,유석민,4,,a year ago
653,Juhyun Kim,3,,a year ago
654,이진경,5,,a year ago
655,셀룰로오스k,3,(Translated by Google) Under construction  (Original) 공사중,a year ago
656,KYOUNG HO KIM,5,"(Translated by Google) Great for walking and exercising. In the evening, it is crowded with people who exercise.  (Original) 산책하고 운동하기 좋습니다. 저녁에는 운동하는 사람으로 북적여요.",a year ago
657,김범준,5,,a year ago
658,Munseok Lim,4,(Translated by Google) A good place for a walk  (Original) 산책하기 적당한곳,a year ago
659,이소민,5,,a year ago
660,이윤엽,5,(Translated by Google) good  (Original) 굿,a year ago
661,배재관,5,,a year ago
662,I.K. Kim,3,(Translated by Google) Too many people and too many dogs. It seems that the bike kickboard should also be subject to the total price system.  (Original) 사람이 너무 많고 개가 너무 너무 많음. 자전거 킥보드도 총량제를 하든지 해야 할듯함.,a year ago
663,장수환,5,,a year ago
664,SungBum Kang,5,,a year ago
665,면이,5,(Translated by Google) I go often. I always come to heal  (Original) 자주갑니다. 항상 힐링하고 와요,a year ago
666,CM Yang,5,(Translated by Google) good  (Original) 굿,a year ago
667,최재석,3,,a year ago
668,김선혜,3,(Translated by Google) Too many people.  (Original) 사람이 너무 많아요.,a year ago
669,Joo Lovely,4,"(Translated by Google) Parking fee is 160 won for 5 minutes, so the parking lot is too narrow It feels like Han River Park with lots of children...  (Original) 주차비 5분에160원 , 그러내주차장이너무협소해요 어린이가 많은 한강공원 느낌...",a year ago
670,kyohyeok yu,4,(Translated by Google) It's very well done. I hope that the parts that are a little uncomfortable because of the construction are finished soon.  (Original) 참 잘되있음 공사때문에 좀 보기불편한 부분 빨리끝났으면함,a year ago
671,오성진,5,,a year ago
672,황수영,5,"(Translated by Google) Wherever I want to heal, I go to the day or night! Flowers and trees are abundant from April to May!  (Original) 힐링하고싶을때마다 낮이나 밤에 갔다오는곳! 4~5월에 꽃과 나무들이 풍성해요!",a year ago
673,bang bang,5,,a year ago
674,이상범 (석촌2 이상범선무),4,"(Translated by Google) I admit it's a good place with so many people, but it is recommended to go to Corona TT weekdays  (Original) 사람이 너모너모 많아 그만큼 좋은곳인건 인정하지만 코로나ㅜ 평일가는거 추천",a year ago
675,Hyung Jun Kim,5,,a year ago
676,김생각,4,,a year ago
677,류일선,5,,a year ago
678,유명경명경,5,,a year ago
679,황치주,5,(Translated by Google) It's always good.  (Original) 항상좋지요,a year ago
680,유병화,3,,a year ago
681,민세빈,3,"(Translated by Google) There are many users throughout the park and the average age is high. The manner in which users use the park is not good regardless of age. Do not clean up dog poop well, walk/exercise with the radio on, etc... Overall, the whole park has a strong feeling of warmth.  However, the puppies in the dog playground in the back are quite cute and are good to watch because they play well with each other. Categorized as large/small dogs.  (Original) 공원 전체적으로 이용자가 많고 평균 연령이 높다. 연령에 관계없이 이용자들의 공원 이용 매너도 좋지 않은 편이다. 강아지의 똥을 잘 치우지 않거나 라디오 틀어놓고 산책/운동 등... 전체적으로 공원 전체에서 후줄근한 느낌이 강하다.  다만 뒤쪽의 반려견 놀이터의 강아지들은 상당히 귀엽고 서로 잘 놀기에 구경하기 좋다. 대형견/소형견 분류가 되어 있음.",a year ago
682,별초롱,5,"(Translated by Google) There are lots of flowers and trees, so it's good to take a walk, and the track is good, so it's good to exercise.  (Original) 꽃과 나무가 많아 산책하기좋고 트랙이 잘 되어있어 운동하기도좋아요",a year ago
683,빵빵이,5,(Translated by Google) Good  (Original) 좋움,a year ago
684,조우성,5,,a year ago
685,ZOMBIE MOON,3,"(Translated by Google) Right now, we're doing too much construction here and there. The double cherry blossoms are pretty.  (Original) 지금은 여기 저기 공사를 너무 많이 하네요. 겹벚꽃은 이뻐요.",a year ago
686,lill1liliil1 ill1lilii,5,(Translated by Google) There is also a lake and it's bigger and prettier than I thought  (Original) 호수도 있고 생각보다 크고 예뻣어요!,a year ago
687,Timothy Desmond,4,"Pretty nice little park! There is a foot care walk (a path embedded with different shapes of stones to massage your bare feet, and a foot washing station), a track,  a military aircraft plaza,  a dog park,  a few outdoor fitness stations,  a tree garden,  and a few others.  This place is pretty loaded,  as far as dense city parks go.  My one complaint is that they removed the skate park (""X-Games Park"") and are putting in what seems to be a new train station. That was the only skate park around for miles....  It's fairly busy even at 2am!",a year ago
688,언더샷,5,,a year ago
689,hocheol,3,"(Translated by Google) Everything is good, but people just throw away the trash There are no sanctions for organizing a large group of seniors.  (Original) 다 좋은데 사람들이 쓰레기 막 버리고 어르신들 엄청  모여서 장기 두는데 제재하지도 않음",a year ago
690,박경란,3,"(Translated by Google) The advantage of being in the city center and the trek is very good, so it would be good for walking. It would be great to take a walk in the big pond too! The trees are good, but the flowers are scarce! It would be great if more things to see were added.  (Original) 도심에 속에 있다는 장점과 트렉이 아주좋아 워킹하는데는 좋을것 같습니다. 커다란 연못도 산책하는데 좋을것 같아요!  나무는좋은데 꽃이 부족해요! 볼거리가 좀더 추가되면 참좋겠어요.",a year ago
691,박경립,4,,a year ago
692,스테고마그마,4,(Translated by Google) There are a lot of people maybe because the weather is nice  (Original) 날씨가 좋아서인지 사람이 엄청 많아요,a year ago
693,JUNHO PARK,5,,a year ago
694,이월오월구월,5,,a year ago
695,이지혜,5,(Translated by Google) good lol  (Original) 좋아요 ㅋ,a year ago
696,Rosa,5,,a year ago
697,홍숙자Anna,5,(Translated by Google) It is convenient for walking and exercising.  (Original) 산책과 운동을 하기에 편리합니다.,a year ago
698,Seong Wook Kim,5,(Translated by Google) It's best  (Original) 최고입니다,a year ago
699,이주형,5,,a year ago
700,사사자성,1,"(Translated by Google) I have to go to volunteer here Oh, hahahaha, don’t throw some trash on the ground  (Original) 여기로 봉사활동가야함 이런ㅋㅋㅋㅋ쓰레기좀 땅에 버리고가지마세요",a year ago
701,이진희,4,(Translated by Google) good to exercise  (Original) 운동하기 좋아요,a year ago
702,Tyler Hong,5,(Translated by Google) good  (Original) 좋음,a year ago
703,Dongsig Kim,5,,a year ago
704,통영,5,,a year ago
705,최명영,3,,a year ago
706,유만진,3,(Translated by Google) I think it's good to exercise  (Original) 운동하기 좋은듯해요,a year ago
707,NO HA,5,,a year ago
708,임혁수,3,(Translated by Google) The double cherry tree situation  (Original) 겹벚꽃 상황,a year ago
709,kilsoo kim,4,,a year ago
710,Sungjong Kye,5,(Translated by Google) The double cherry blossoms are pretty  (Original) 겹벚꽃이 이쁘네요,a year ago
711,신구인,4,,a year ago
712,Manyoung Kim,5,(Translated by Google) Seoul's best park~~  (Original) 서울 최고의 공원~~,a year ago
713,영선지,5,,a year ago
714,유근영,3,,a year ago
715,HR K,5,"(Translated by Google) It's a very, very good place to be with a puppy♡  (Original) 강아지랑 함께하기 너무너무 좋은곳이에요♡",a year ago
716,꿀잠TV,5,(Translated by Google) Walking Good  (Original) 산책굿,a year ago
717,GH PARK (꿈꾸는 어부),4,"(Translated by Google) Flowers are in bloom, and it's good for a quiet walk  (Original) 꽃이 피고 있는 중이고, 조용히 산책하기 좋아요",a year ago
718,Karoliina Ruhno,5,,a year ago
719,ys s,4,,a year ago
720,전영제,5,"(Translated by Google) Boramae Park April's Yoshino cherry blossoms, azaleas in full bloom  (Original) 보라매공원 4월의 왕벚꽃, 철쭉 만발",a year ago
721,임정숙,5,,a year ago
722,김수연,5,,a year ago
723,조정훈,4,"(Translated by Google) Just by our side, a must-have park around us I wish there were many parks like this in the city center. The park is big but there is only one shop But I love it  (Original) 그냥 우리 곁에 우리 주변에 꼭 있어야할 공원 도심속에 이런 공원이 많이 있었으면 좋겠다. 공원은 큰데 매점은 1곳 뿐 근데 너무 좋터라",a year ago
724,임동혁,3,,a year ago
725,김점순,3,,a year ago
726,김영길,5,,a year ago
727,온하이페리 (하이페리온),5,(Translated by Google) It's easy to breathe and it's good to disappear.  (Original) 바람 쐬기 좋고 잡생각 사라져 좋다.,a year ago
728,CO CHO,4,(Translated by Google) It's wide~~~~~^^  (Original) 넓~~어요~~~^^,a year ago
729,Lily Ann,4,My running place🏃‍♀️,a year ago
730,Walker Peace,5,(Translated by Google) Great place to go for a walk and exercise  (Original) 산책 및 운동하러 가기 아주 좋은 곳,a year ago
731,이도영,5,"(Translated by Google) The place where I shared the tracts with Yogurt by quit smoking and learning evangelism When you were young, was your friend here Bonnami Park? The place where God told me to run backwards by bicycle because I did a good job in ministry.  (Original) 내가 금연활동하고 전도훈련을 배워 요쿠르트와 전도지를 나누어준곳 어릴때 친구가 여기 보남이 공원이냐? 말해 준곳 하나님이 사역잘했다고 자전거로 역주행하거라 말씀하셨던곳",a year ago
732,최요섭,5,,a year ago
733,wonhee cho,3,,a year ago
734,브이프,5,(Translated by Google) I like the track to run  (Original) 트랙이 뛰기좋아요,a year ago
735,남승우,5,,a year ago
736,Jarin Park,5,(Translated by Google) I enjoyed spring!  (Original) 봄을 만끽했네요!,a year ago
737,김춘수,4,,a year ago
738,김철정,5,(Translated by Google) A good place to take a walk during the cherry blossom season  (Original) 벚꽃시즌에 산책하기좋은곳,a year ago
739,이규민,5,,a year ago
740,Alex Yul,5,"Very big park, also very beautiful at this time of the year. But very very crowded even on Mondays, with most elderly people roaming around with nothing to do.",a year ago
741,김희재,5,,a year ago
742,민오드리,5,(Translated by Google) I love it because there is a big park in the neighborhood~  (Original) 동네에 큰 공원이 있어서 너무 좋아요~,a year ago
743,다솜파파,5,,a year ago
744,ᄋᄉᄉ,5,,a year ago
745,김영인,5,,a year ago
746,신미연,5,"(Translated by Google) There is something to see, so children like it  (Original) 볼거리가있어서 아이들이 좋아해요",a year ago
747,장정호,5,(Translated by Google) Enjoy the food  (Original) 맛있게 먹어요,a year ago
748,jungseok kang,5,(Translated by Google) It’s good to exercise and play with children.  (Original) 운동하기도 좋고 아이들과 놀기도 좋아요,a year ago
749,lucy park,5,,a year ago
750,우판,5,,a year ago
751,유대표.민성,5,,a year ago
752,MIN-SEOK KIM,4,,a year ago
753,허윤정,5,,a year ago
754,"v즐겁다, 라온로그 v",4,"(Translated by Google) There are many people, dogs, and children It is good because there are places where art is made with flowers everywhere. Regret not being able to go when the cherry blossoms are in full bloom..  (Original) 사람도 개도 애도 많음 곳곳에 꽃으로 아트해놓은 곳이 있어서 좋음 벚꽃이 활짝 피었을 때 못간게 아쉬움..",a year ago
755,뜨거운안녕,5,,a year ago
756,이민수,4,,a year ago
757,박두원,5,,a year ago
758,김승천,5,,a year ago
759,익명,3,(Translated by Google) Leg pain  (Original) 다리아프다,a year ago
760,Chanyang Park,5,,a year ago
761,구름이 귀엽죠?,5,,a year ago
762,백스비,5,,a year ago
763,Su hyeon Lee,5,,a year ago
764,1 2002,5,(Translated by Google) Good for exercise~ Good for walking and good for dog walk  (Original) 운동하기 좋아요~ 산책도 좋고 강아지 산책 굿굿,a year ago
765,김민수,5,(Translated by Google) good  (Original) 굿,a year ago
766,권순일,3,,a year ago
767,이영하,5,,a year ago
768,김보미,5,,a year ago
769,김옥순,5,,a year ago
770,JInk j,3,(Translated by Google) Ordinary park  (Original) 보통공원,a year ago
771,Chang Hoon Kang,5,,a year ago
772,정종권,1,(Translated by Google) Alright alright alright I feel good!!!  (Original) 좋아 좋아 좋아 ㅋㅋ 기분굿!!!,a year ago
773,Moung J,5,,a year ago
774,Holic민트,5,,a year ago
775,물,4,(Translated by Google) I got tired of going too much...  (Original) 너무 많이 가서 질렸음..,a year ago
776,김종실,5,,a year ago
777,이영민,5,"(Translated by Google) The best place to exercise is because I overeat in Kuuku, and I came in 10 turns from Boramae, so my digestion was spurted hahaha  (Original) 운동하기 최고인곳 쿠우쿠에서 과식해서 보라매에서 10바퀴돌구 들어오니까 소화가 싹됐네요 ㅎㅎㅎ",a year ago
778,Caspera Reumcal,5,,a year ago
779,JeongUg Min,5,,a year ago
780,weyoui,4,"(Translated by Google) It's great for a family outing, but it's too crowded on weekends.  (Original) 가족과 나들이 하기 좋은데 주말에 가면 너무 사람이 많습니다.",a year ago
781,01049451289조두한,5,(Translated by Google) The weather is nice  (Original) 날씨도 좋아고,a year ago
782,김채윤,5,(Translated by Google) Good day  (Original) 날이좋넹,a year ago
783,이철수,4,"(Translated by Google) It bloomed like this until yesterday, but it seems to have fallen a lot as it rained today  (Original) 어제까지 이렇게 활짝 피었었는데 오늘 비오면서 많이 떨어진 것 같네요",a year ago
784,Jiney Hong,5,,a year ago
785,김기현,4,,a year ago
786,곽지섭,5,,a year ago
787,남송순근,5,,a year ago
788,찰떡어멈,5,,a year ago
789,장하영,5,(Translated by Google) The cherry blossom road is so pretty and it's great for a walk!  (Original) 벗꽃길 너무이쁘고 산책하기 좋아요!,a year ago
790,임한수,4,(Translated by Google) great  (Original) 좋아,a year ago
791,오그로,4,,a year ago
792,김춘자,4,,a year ago
793,신용수,5,,a year ago
794,Bruce Lee,5,,a year ago
795,Won Jung Yun,4,,a year ago
796,소율,5,,a year ago
797,박승도,5,(Translated by Google) Very nice  (Original) 매우 좋으네요,a year ago
798,Minsu Lee,5,,a year ago
799,이동현,5,,a year ago
800,김재욱,5,(Translated by Google) A comfortable shelter in our neighborhood  (Original) 우리동네 편안한 쉼터,a year ago
801,김성균,4,,a year ago
802,Dohyun Seo,3,,a year ago
803,왕왕,5,,a year ago
804,해리포터와 아주까만죄수,5,,a year ago
805,김복임,5,,a year ago
806,한정란,5,(Translated by Google) The cherry blossoms are pretty and the forsythia is in full bloom^^  (Original) 벚꽃도 예쁘고 개나리도 예쁘게 만개^^,a year ago
807,이우상,5,,a year ago
808,장진영,5,"(Translated by Google) The cherry blossoms are not very long, but they are so pretty~  (Original) 벚꽃길이 아주 길진 않지만 너무 예뻐요~",a year ago
809,JANE KING제인킹,5,,a year ago
810,최수잔나,5,"(Translated by Google) Cherry blossoms, pears, and famous purple flowers are in full bloom, making it a great park for a walk.  (Original) 벚꽃, 배꽃, 명자꽃등이 환하게 피어있어 산책하기 좋은 공원.",a year ago
811,정혜영,4,"(Translated by Google) It's tight, but it costs parking.  (Original) 조은데 주차비가 든다",a year ago
812,김유진,5,,a year ago
813,유창현,5,,a year ago
814,Gattaca911 Oh,5,(Translated by Google) Spacious and great for walking  (Original) 넓고 산책하기 좋아요,a year ago
815,임준혜,5,(Translated by Google) It has a track and is good for walking.  (Original) 트랙이 있어 걷기에 좋다.,a year ago
816,백딱복 (100G),4,,a year ago
817,윤세권,5,,a year ago
818,MINCHANG CHOI (Wendy),5,,a year ago
819,하사랑,5,,a year ago
820,MS K,5,,a year ago
821,한경아,4,(Translated by Google) A good place for a walk  (Original) 산책하기 좋은 곳,a year ago
822,룩셈부룩,5,(Translated by Google) Marathon life  (Original) 마라톤 인생은,a year ago
823,홍성미,4,,a year ago
824,남성이승대,3,"(Translated by Google) The cherry blossoms of the messenger temple in the spring are ready to burst, so if you visit in 4-5 days, you will have a bright spring. You can look forward to it.  (Original) 봄 전령사 벚꽃이 망울을 터떨일준비를 잔뜩하고있사오니 4~5일후  방문하시면  화사한봄을  맞이하실것 같읍니다.기대하셔도  좋읍니다",a year ago
825,soogeun ji,5,Good,a year ago
826,강수민,4,(Translated by Google) soso  (Original) 쏘쏘,a year ago
827,Hs Jin,5,,a year ago
828,이정호,5,,a year ago
829,임동현,4,,a year ago
830,Dhong Geon Won,3,,a year ago
831,울릉도,5,,a year ago
832,BH H,5,,a year ago
833,Donghwan kim,5,"(Translated by Google) It's really good Honestly, it's really good to go here to Galpaen in Seokchon Lake. It's good to go with couples and it doesn't get pushed compared to any park.  (Original) 정말좋음 솔직히 석촌호수 갈빠엔 여기를 가는게 진짜 좋다 4월쯤에 벚꽃피면 극추천!! 연인들과 가기도 좋고 어떠한 공원에 비교해도 밀리지 않음 다만 조금 아쉬운 점이 있다면 지금 몇년째 공사로 인해 난잡함 역이 생긴다고 들었던거 같은데..",a year ago
834,레드루즈,3,(Translated by Google) Great for a quick walk!  (Original) 간단히 산책하기 참 좋습니다!,a year ago
835,MAN ION,5,(Translated by Google) pretty  (Original) 예뻐요,a year ago
836,Ally Han,5,,a year ago
837,Jmin Y,4,"(Translated by Google) There are ducks and magpies in the lake, and the dog playground is good. Unfortunately, the number of benches is too small.  (Original) 호수에 오리들도있고 까치도있고 강아지놀이터가 잘되어있네요.  아쉬운건 벤치개수가 너무적어요.",a year ago
838,고지방맥주,5,"(Translated by Google) I've been playing with my kids on the playground of the park. It's changed a lot more than 30 years ago. I saw the 119 fire helicopter taking off and landing. It was a bit cold, but it was good  (Original) 아이들과 함께 공원 운동장서 신나게 뛰어놀다왔네요 30년 전보다  많이 변했네요.119소방헬기가 이착륙하는것도 보고 다소 추웠지만 좋았네요",a year ago
839,조재섭,3,,a year ago
840,Shiwook Chung,5,"(Translated by Google) Great place to go on a date, with friends, with family, and with your pet dog  (Original) 데이트 , 친구동반, 가족동반, 애완견 대리고 가기에 아주 적합한 장소",a year ago
841,Hakwan Kim,5,,a year ago
842,이지성,5,(Translated by Google) The blue sky and the warmth of the park  (Original) 푸른 하늘과 공원의 정겨움,a year ago
843,케이Kaitlyn,4,"It's a huge park with tons to do. I'm giving it 4 stars and not 5 because it's really crowded. I've been there a lot, and it's always packed with people. If you don't mind crowds, then this is a great place to hang out.",a year ago
844,임종환,5,(Translated by Google) Easy to exercise and rest  (Original) 운동하고 쉬기편함,a year ago
845,윤관희,5,(Translated by Google) The children are happy to see the airplane  (Original) 아이들이 비행기 보고 행복해해요,a year ago
846,박우주,5,"(Translated by Google) It’s really the best park in Dongjak-gu. It’s a bit unfortunate that it’s under construction, but when it’s completed in 2022,  (Original) 정말 동작구 최고의 공원입니다 지금은 지하철 공사중이라 좀 안타깝지만 2022년 완공되면",a year ago
847,Macross,5,,a year ago
848,이성진,4,,a year ago
849,박재순,5,,a year ago
850,차정오,5,(Translated by Google) It is a good place to run in the morning  (Original) 아침 러닝하기 좋은곳 입니다,a year ago
851,김진룡,5,,a year ago
852,임종태,4,(Translated by Google) good for a walk  (Original) 산책하기 좋아요,a year ago
853,PUL맴이,4,"(Translated by Google) The entrance was under construction, so there were a lot of people in the midst of the bustle.  (Original) 입구가 공사중이라 번잡한 와중에도 사람들이 참 많았어요.",a year ago
854,Kyeong hun Park,5,"(Translated by Google) Sanzhuang is good, my dogs are good  (Original) 산챡 좋지 우리집 멍멍이 좋지",a year ago
855,스마일하이커 Smile Hiker,5,(Translated by Google) It is always green and a good place to walk and enjoy  (Original) 언제나 푸르르고 산책하고 즐기기 좋은 공간임,a year ago
856,Byoungchan Lee,5,"(Translated by Google) It is a neighborhood park located in the downtown area, not along the Han River. There are many places to picnic, and many people walk or run on the central track (around 600m). There is a paid parking facility operated by Dongjak-gu next to the park, so between 9 am and 9 pm, you can pay 250 won per 10 minutes, and you can park for free during the rest of the day.  (Original) 한강변이 아닌 도심지에 위치한 근린공원입니다.  피크닉 할 장소도 많고 중앙 트랙(둘레 600m 정도)에서 걷거나 달리는 분들도 많습니다. 공원 옆에 동작구에서 운영하는 유료주차시설이 있어서 오전9시~오후9시 사이에는 10분에 250원씩 받고, 나머지 시간에는 무료로 주차 가능합니다.",a year ago
857,장지혜,5,,a year ago
858,임성준,5,,a year ago
859,이민성,4,"(Translated by Google) It's so good~ As the day gets warmer, fish, waterfowl, magpies, sparrows, etc. in the lake~ The flowers bloom and it's so good, but I'm a little disappointed that both coronas haven't been over yet, but there are many places where the elderly are crowded. But there is a park that is not far from the house, so 😀 I like it~♡  (Original) 너무 좋아요~ 날이 따뜻해지니 호수에 물고기나 물새ㆍ까치나 참새등등~ 꽃두 피고 넘 좋은데 조금 아시운건 아직두 코로나가 끝나지 않앗는데 어르신들은 넘 많이 몰려계신곳이 잇더라구요ᆢㅠ 하지만 집에서 멀지안은 곳에 보라매 공원이 잇어 넘 😀좋아요~♡",a year ago
860,갓지금,5,(Translated by Google) The park is big and it is connected to Dorimcheon. It is a good place to ride a bicycle. It is a good place to go with children.  (Original) 공원도 크고 도림천과 연결되있습니다 자전거타기 딱 좋습니다 아이들과 가기 좋은곳이죠,a year ago
861,푸른늑대,3,,a year ago
862,박승범,5,,a year ago
863,Ludens Corporation,3,,a year ago
864,Jisang Kim,5,,a year ago
865,JongYeun Yu,5,,a year ago
866,캄수니,5,,a year ago
867,김종해,5,(Translated by Google) I love the tennis court  (Original) 테니스장이 너무좋아요,a year ago
868,오유비,4,"(Translated by Google) An area that made the former air base into a park It is well landscaped like a military base and is highly utilized as it is close to the companies around Boramae.  It is separated from other commercial facilities except for shops, so you have to buy coffee or food and move.  (Original) 예전 공군기지를 공원으로 만든지역 군부대 답게 조경이 잘되어 있고 보라매 주변 회사들과 인접하여 활용도 높음  매점을 제외한 다른 상업시설과 떨어져 있어 커피나 음식을 사서 이동해야함",a year ago
869,임명진,5,,a year ago
870,이이우현,5,(Translated by Google) It's good to walk and exercise  (Original) 산책하기좋고 운동하기도좋아여,a year ago
871,정강우,5,(Translated by Google) good for a walk  (Original) 산책하기 좋아요,a year ago
872,최재희,3,"(Translated by Google) It is good to walk in front of the company, but there are many people. Construction is still in progress  (Original) 회사앞 걷기 좋음 근데 사람 넘 많음. 공사도 여전히 진행중",a year ago
873,Dongguo Zhu,4,,a year ago
874,김정현,5,(Translated by Google) good.  (Original) 좋음.,a year ago
875,허유림,5,,a year ago
876,HoJong Kim,5,,a year ago
877,김천규,5,,a year ago
878,김미정,5,(Translated by Google) I go there often because it's close.. I'm happy with all the atmosphere and facilities.  (Original) 가까운 곳이라 자주 갑니다..분위기 시설 모두 만족합니다,a year ago
879,김홍권,5,(Translated by Google) .The weather is good and the air is good  (Original) .날씨도 좋고 공기도 좋아요,a year ago
880,Jilong Jin,5,"(Translated by Google) well,  (Original) 很好，",a year ago
881,장병은 (Bob),5,,a year ago
882,김성우,5,,a year ago
883,Neo Lee,4,,a year ago
884,brosthy brosthy,4,,a year ago
885,윤태건,5,,a year ago
886,김경민,5,,a year ago
887,Hanseog Su,5,(Translated by Google) A large and spacious park. Dogs walk a lot and family walks a lot.  (Original) 넓직하고 큰 공원. 강아지들 산책 많이하고 가족단위 산책 많이함.,a year ago
888,정일진,5,(Translated by Google) like  (Original) 좋아요,a year ago
889,전규성,5,,a year ago
890,twothree one,5,,a year ago
891,YC Kim,5,,a year ago
892,지니,4,(Translated by Google) It doesn’t fit on five fingers in a park in Seoul. It’s so good.  (Original) 서울 공원중에 5섯 손가락에 들지 않아요 너무좋와요,a year ago
893,변현수,5,,a year ago
894,남황신명,5,,a year ago
895,장재의,5,,a year ago
896,남배양규,5,(Translated by Google) Comfortable to exercise It's comfortable.  (Original) 운동 하기 쾌적하고 편합니다.,a year ago
897,Hyun Chul Jang,4,(Translated by Google) The only large park around here  (Original) 이 근방 유일한 대규모 공원,a year ago
898,안주현 (퇴사자 IN THE 하우스),5,,a year ago
899,김운조,5,,a year ago
900,홍인서,5,,a year ago
901,김단아,1,"(Translated by Google) The old grandfather who rides a bicycle in the park is very unkind. In front of the baby, swearing and trying to assault the baby's mother Worst. It was a park that I have been enjoying for years since I was young. It turns into a very offended place due to that gangster-like crazy grandfather. If you feel like it, I might sue you. Even in a big park in Seoul. I like it except for a crazy grandfather like a gang.  (Original) 공원에 자전거타고다니는 늙은 할아버지가 매우 불친절하고. 아기앞에서 욕설과 아기엄마를 폭행하려는등. 최악임. 어릴때부터 몇년간 좋게다닌 공원이었는데. 그 깡패같은 미친 할아버지로인해 매우 기분상한 장소가되버림. 맘같아선 고소할까싶기도. 심지어 서울시의 큰공원에. 깡패같은 미친 할아버지외엔 좋아요.",a year ago
902,Hollin Couple홀린 커플,4,"Much bigger than first though, a lot of construction however and v. Busy",a year ago
903,이지선,5,,a year ago
904,문수호,5,,a year ago
905,김설아,5,"(Translated by Google) There is a dog playground, so I often go for a walk.  (Original) 애견놀이터가 있어서 애산책시키러 자주가요",a year ago
906,유화림,5,,a year ago
907,정정종기,4,(Translated by Google) Great to exercise. Lack of parking space.  (Original) 운동하기 좋아요. 주차공간 부족.,a year ago
908,김민준,5,(Translated by Google) I don't know  (Original) 모름ㅋㅋㅋ여들레이호,a year ago
909,정세훈,4,(Translated by Google) I've been there for the first time and it's nice.  (Original) 처음 가봤는데 좋네요 또 가볼생각 있습니다.,a year ago
910,JH K,4,(Translated by Google) There are toads too!  (Original) 두꺼비도 있더군요!,a year ago
911,김민경,5,,a year ago
912,박덕례,4,,a year ago
913,이서준,5,,a year ago
914,양은영,5,(Translated by Google) Tofu restaurant  (Original) 두부맛집,a year ago
915,eun J,4,,a year ago
916,Yeongi Jeong,3,,a year ago
917,이동희,1,,a year ago
918,yr kim,5,,a year ago
919,woodstock,4,"(Translated by Google) There is also a wide, large lawn track, so it's great for kids to play. There is a flue inside the track and a mat and sit. In the summer, the kids played in the water at the fountain park, but because of the corona... it's good to take a walk with a dog and there are many people, but it is a great city park. However, there is a part currently under construction. Note please.  (Original) 넓고 큰 잔디 트랙도 있어서 아이들 놀기 좋아요. 트랙 안쪽에서 연도 날리고 돗자리 피고 앉기도 하구요. 여름엔 분수공원에서 애들 물놀이도 했는데 코로나때문에...... 개 데리고 산책하기도 좋고 사람은 많지만 도심공원으로 훌륭합니다. 그런데 현재 공사중인 부분이 있습니다. 참고하세요.",a year ago
